"","trial","reaction_time","id","targ_index"
"1",11,731,"blast_c_002_lsl",1
"2",29,478,"blast_c_002_lsl",2
"3",41,839,"blast_c_002_lsl",3
"4",71,-110,"blast_c_002_lsl",4
"5",83,NA,"blast_c_002_lsl",5
"6",119,483,"blast_c_002_lsl",6
"7",155,NA,"blast_c_002_lsl",7
"8",185,1521,"blast_c_002_lsl",8
"9",197,600,"blast_c_002_lsl",9
"10",215,NA,"blast_c_002_lsl",10
"11",233,1059,"blast_c_002_lsl",11
"12",263,NA,"blast_c_002_lsl",12
"13",287,NA,"blast_c_002_lsl",13
"14",305,525,"blast_c_002_lsl",14
"15",347,1519,"blast_c_002_lsl",15
"16",371,NA,"blast_c_002_lsl",16
"17",395,NA,"blast_c_002_lsl",17
"18",431,NA,"blast_c_002_lsl",18
"19",455,1439,"blast_c_002_lsl",19
"20",479,1133,"blast_c_002_lsl",20
"21",521,1331,"blast_c_002_lsl",21
"22",539,NA,"blast_c_002_lsl",22
"23",551,1149,"blast_c_002_lsl",23
"24",563,1813,"blast_c_002_lsl",24
"25",17,-389,"blast_c_009_lsl",1
"26",53,750,"blast_c_009_lsl",2
"27",77,795,"blast_c_009_lsl",3
"28",95,627,"blast_c_009_lsl",4
"29",107,724,"blast_c_009_lsl",5
"30",131,652,"blast_c_009_lsl",6
"31",143,926,"blast_c_009_lsl",7
"32",173,558,"blast_c_009_lsl",8
"33",191,1147,"blast_c_009_lsl",9
"34",227,974,"blast_c_009_lsl",10
"35",251,484,"blast_c_009_lsl",11
"36",281,328,"blast_c_009_lsl",12
"37",311,433,"blast_c_009_lsl",13
"38",329,973,"blast_c_009_lsl",14
"39",359,334,"blast_c_009_lsl",15
"40",377,359,"blast_c_009_lsl",16
"41",389,418,"blast_c_009_lsl",17
"42",413,327,"blast_c_009_lsl",18
"43",437,986,"blast_c_009_lsl",19
"44",473,629,"blast_c_009_lsl",20
"45",485,345,"blast_c_009_lsl",21
"46",503,279,"blast_c_009_lsl",22
"47",527,813,"blast_c_009_lsl",23
"48",569,465,"blast_c_009_lsl",24
"49",11,568,"blast_c_019_lsl",1
"50",29,478,"blast_c_019_lsl",2
"51",41,601,"blast_c_019_lsl",3
"52",71,623,"blast_c_019_lsl",4
"53",83,1039,"blast_c_019_lsl",5
"54",119,1115,"blast_c_019_lsl",6
"55",155,759,"blast_c_019_lsl",7
"56",185,676,"blast_c_019_lsl",8
"57",197,651,"blast_c_019_lsl",9
"58",215,674,"blast_c_019_lsl",10
"59",233,810,"blast_c_019_lsl",11
"60",263,1388,"blast_c_019_lsl",12
"61",287,521,"blast_c_019_lsl",13
"62",305,NA,"blast_c_019_lsl",14
"63",347,878,"blast_c_019_lsl",15
"64",371,473,"blast_c_019_lsl",16
"65",395,746,"blast_c_019_lsl",17
"66",431,708,"blast_c_019_lsl",18
"67",455,688,"blast_c_019_lsl",19
"68",479,841,"blast_c_019_lsl",20
"69",521,580,"blast_c_019_lsl",21
"70",539,1094,"blast_c_019_lsl",22
"71",551,1082,"blast_c_019_lsl",23
"72",563,700,"blast_c_019_lsl",24
"73",5,551,"blast_c_028_lsl",1
"74",35,NA,"blast_c_028_lsl",2
"75",59,647,"blast_c_028_lsl",3
"76",101,926,"blast_c_028_lsl",4
"77",137,NA,"blast_c_028_lsl",5
"78",161,NA,"blast_c_028_lsl",6
"79",179,683,"blast_c_028_lsl",7
"80",209,NA,"blast_c_028_lsl",8
"81",245,900,"blast_c_028_lsl",9
"82",257,NA,"blast_c_028_lsl",10
"83",269,NA,"blast_c_028_lsl",11
"84",293,NA,"blast_c_028_lsl",12
"85",317,779,"blast_c_028_lsl",13
"86",335,NA,"blast_c_028_lsl",14
"87",365,1242,"blast_c_028_lsl",15
"88",407,866,"blast_c_028_lsl",16
"89",425,NA,"blast_c_028_lsl",17
"90",443,NA,"blast_c_028_lsl",18
"91",467,336,"blast_c_028_lsl",19
"92",491,NA,"blast_c_028_lsl",20
"93",509,726,"blast_c_028_lsl",21
"94",533,439,"blast_c_028_lsl",22
"95",557,797,"blast_c_028_lsl",23
"96",575,NA,"blast_c_028_lsl",24
"97",23,626,"blast_c_034_lsl",1
"98",47,NA,"blast_c_034_lsl",2
"99",65,1126,"blast_c_034_lsl",3
"100",89,1636,"blast_c_034_lsl",4
"101",113,859,"blast_c_034_lsl",5
"102",125,848,"blast_c_034_lsl",6
"103",149,1118,"blast_c_034_lsl",7
"104",167,NA,"blast_c_034_lsl",8
"105",203,NA,"blast_c_034_lsl",9
"106",221,NA,"blast_c_034_lsl",10
"107",239,NA,"blast_c_034_lsl",11
"108",275,1361,"blast_c_034_lsl",12
"109",299,1410,"blast_c_034_lsl",13
"110",323,1569,"blast_c_034_lsl",14
"111",341,1564,"blast_c_034_lsl",15
"112",353,865,"blast_c_034_lsl",16
"113",383,1394,"blast_c_034_lsl",17
"114",401,NA,"blast_c_034_lsl",18
"115",419,NA,"blast_c_034_lsl",19
"116",449,931,"blast_c_034_lsl",20
"117",461,876,"blast_c_034_lsl",21
"118",497,1110,"blast_c_034_lsl",22
"119",515,1075,"blast_c_034_lsl",23
"120",545,NA,"blast_c_034_lsl",24
"121",23,868,"blast_c_036_lsl",1
"122",47,365,"blast_c_036_lsl",2
"123",65,408,"blast_c_036_lsl",3
"124",89,NA,"blast_c_036_lsl",4
"125",113,393,"blast_c_036_lsl",5
"126",125,387,"blast_c_036_lsl",6
"127",149,431,"blast_c_036_lsl",7
"128",167,356,"blast_c_036_lsl",8
"129",203,419,"blast_c_036_lsl",9
"130",221,420,"blast_c_036_lsl",10
"131",239,677,"blast_c_036_lsl",11
"132",275,1222,"blast_c_036_lsl",12
"133",299,737,"blast_c_036_lsl",13
"134",323,806,"blast_c_036_lsl",14
"135",341,533,"blast_c_036_lsl",15
"136",353,390,"blast_c_036_lsl",16
"137",383,336,"blast_c_036_lsl",17
"138",401,399,"blast_c_036_lsl",18
"139",419,440,"blast_c_036_lsl",19
"140",449,562,"blast_c_036_lsl",20
"141",461,984,"blast_c_036_lsl",21
"142",497,387,"blast_c_036_lsl",22
"143",515,944,"blast_c_036_lsl",23
"144",545,439,"blast_c_036_lsl",24
"145",23,1212,"blast_c_038_lsl",1
"146",47,454,"blast_c_038_lsl",2
"147",65,NA,"blast_c_038_lsl",3
"148",89,1647,"blast_c_038_lsl",4
"149",113,505,"blast_c_038_lsl",5
"150",125,716,"blast_c_038_lsl",6
"151",149,639,"blast_c_038_lsl",7
"152",167,1566,"blast_c_038_lsl",8
"153",203,-579,"blast_c_038_lsl",9
"154",221,686,"blast_c_038_lsl",10
"155",239,716,"blast_c_038_lsl",11
"156",275,-863,"blast_c_038_lsl",12
"157",299,692,"blast_c_038_lsl",13
"158",323,1282,"blast_c_038_lsl",14
"159",341,1190,"blast_c_038_lsl",15
"160",353,1435,"blast_c_038_lsl",16
"161",383,966,"blast_c_038_lsl",17
"162",401,830,"blast_c_038_lsl",18
"163",419,878,"blast_c_038_lsl",19
"164",449,1599,"blast_c_038_lsl",20
"165",461,1469,"blast_c_038_lsl",21
"166",497,1015,"blast_c_038_lsl",22
"167",515,534,"blast_c_038_lsl",23
"168",545,NA,"blast_c_038_lsl",24
"169",5,593,"blast_c_045_lsl",1
"170",35,484,"blast_c_045_lsl",2
"171",59,451,"blast_c_045_lsl",3
"172",101,-240,"blast_c_045_lsl",4
"173",137,680,"blast_c_045_lsl",5
"174",161,435,"blast_c_045_lsl",6
"175",179,623,"blast_c_045_lsl",7
"176",209,898,"blast_c_045_lsl",8
"177",245,856,"blast_c_045_lsl",9
"178",257,550,"blast_c_045_lsl",10
"179",269,461,"blast_c_045_lsl",11
"180",293,486,"blast_c_045_lsl",12
"181",317,376,"blast_c_045_lsl",13
"182",335,591,"blast_c_045_lsl",14
"183",365,350,"blast_c_045_lsl",15
"184",407,1595,"blast_c_045_lsl",16
"185",425,521,"blast_c_045_lsl",17
"186",443,645,"blast_c_045_lsl",18
"187",467,750,"blast_c_045_lsl",19
"188",491,434,"blast_c_045_lsl",20
"189",509,512,"blast_c_045_lsl",21
"190",533,340,"blast_c_045_lsl",22
"191",557,337,"blast_c_045_lsl",23
"192",575,507,"blast_c_045_lsl",24
"193",11,513,"blast_c_059_lsl",1
"194",29,461,"blast_c_059_lsl",2
"195",41,797,"blast_c_059_lsl",3
"196",71,893,"blast_c_059_lsl",4
"197",83,NA,"blast_c_059_lsl",5
"198",119,667,"blast_c_059_lsl",6
"199",155,NA,"blast_c_059_lsl",7
"200",185,1067,"blast_c_059_lsl",8
"201",197,896,"blast_c_059_lsl",9
"202",215,NA,"blast_c_059_lsl",10
"203",233,1013,"blast_c_059_lsl",11
"204",263,NA,"blast_c_059_lsl",12
"205",287,848,"blast_c_059_lsl",13
"206",305,NA,"blast_c_059_lsl",14
"207",347,564,"blast_c_059_lsl",15
"208",371,1140,"blast_c_059_lsl",16
"209",395,1086,"blast_c_059_lsl",17
"210",431,NA,"blast_c_059_lsl",18
"211",455,653,"blast_c_059_lsl",19
"212",479,NA,"blast_c_059_lsl",20
"213",521,556,"blast_c_059_lsl",21
"214",539,1445,"blast_c_059_lsl",22
"215",551,1318,"blast_c_059_lsl",23
"216",563,NA,"blast_c_059_lsl",24
"217",11,597,"blast_c_061_lsl",1
"218",29,671,"blast_c_061_lsl",2
"219",41,779,"blast_c_061_lsl",3
"220",71,683,"blast_c_061_lsl",4
"221",83,729,"blast_c_061_lsl",5
"222",119,577,"blast_c_061_lsl",6
"223",155,NA,"blast_c_061_lsl",7
"224",185,1177,"blast_c_061_lsl",8
"225",197,551,"blast_c_061_lsl",9
"226",215,745,"blast_c_061_lsl",10
"227",233,681,"blast_c_061_lsl",11
"228",263,738,"blast_c_061_lsl",12
"229",287,705,"blast_c_061_lsl",13
"230",305,902,"blast_c_061_lsl",14
"231",347,1006,"blast_c_061_lsl",15
"232",371,762,"blast_c_061_lsl",16
"233",395,785,"blast_c_061_lsl",17
"234",431,860,"blast_c_061_lsl",18
"235",455,758,"blast_c_061_lsl",19
"236",479,1350,"blast_c_061_lsl",20
"237",521,1490,"blast_c_061_lsl",21
"238",539,761,"blast_c_061_lsl",22
"239",551,1286,"blast_c_061_lsl",23
"240",563,665,"blast_c_061_lsl",24
"241",11,488,"blast_c_071_lsl",1
"242",29,533,"blast_c_071_lsl",2
"243",41,512,"blast_c_071_lsl",3
"244",71,632,"blast_c_071_lsl",4
"245",83,755,"blast_c_071_lsl",5
"246",119,724,"blast_c_071_lsl",6
"247",155,650,"blast_c_071_lsl",7
"248",185,303,"blast_c_071_lsl",8
"249",197,33,"blast_c_071_lsl",9
"250",215,307,"blast_c_071_lsl",10
"251",233,604,"blast_c_071_lsl",11
"252",263,332,"blast_c_071_lsl",12
"253",287,524,"blast_c_071_lsl",13
"254",305,334,"blast_c_071_lsl",14
"255",347,NA,"blast_c_071_lsl",15
"256",371,308,"blast_c_071_lsl",16
"257",395,287,"blast_c_071_lsl",17
"258",431,617,"blast_c_071_lsl",18
"259",455,486,"blast_c_071_lsl",19
"260",479,491,"blast_c_071_lsl",20
"261",521,410,"blast_c_071_lsl",21
"262",539,624,"blast_c_071_lsl",22
"263",551,-117,"blast_c_071_lsl",23
"264",563,1009,"blast_c_071_lsl",24
"265",17,861,"blast_c_073_lsl",1
"266",53,823,"blast_c_073_lsl",2
"267",77,166,"blast_c_073_lsl",3
"268",95,-744,"blast_c_073_lsl",4
"269",107,-994,"blast_c_073_lsl",5
"270",131,815,"blast_c_073_lsl",6
"271",143,360,"blast_c_073_lsl",7
"272",173,418,"blast_c_073_lsl",8
"273",191,495,"blast_c_073_lsl",9
"274",227,-396,"blast_c_073_lsl",10
"275",251,277,"blast_c_073_lsl",11
"276",281,633,"blast_c_073_lsl",12
"277",311,591,"blast_c_073_lsl",13
"278",329,NA,"blast_c_073_lsl",14
"279",359,448,"blast_c_073_lsl",15
"280",377,643,"blast_c_073_lsl",16
"281",389,205,"blast_c_073_lsl",17
"282",413,459,"blast_c_073_lsl",18
"283",437,1344,"blast_c_073_lsl",19
"284",473,NA,"blast_c_073_lsl",20
"285",485,858,"blast_c_073_lsl",21
"286",503,540,"blast_c_073_lsl",22
"287",527,364,"blast_c_073_lsl",23
"288",569,914,"blast_c_073_lsl",24
"289",11,1044,"blast_c_088_lsl",1
"290",29,1251,"blast_c_088_lsl",2
"291",41,1001,"blast_c_088_lsl",3
"292",71,NA,"blast_c_088_lsl",4
"293",83,1368,"blast_c_088_lsl",5
"294",119,1262,"blast_c_088_lsl",6
"295",155,981,"blast_c_088_lsl",7
"296",185,995,"blast_c_088_lsl",8
"297",197,NA,"blast_c_088_lsl",9
"298",215,1083,"blast_c_088_lsl",10
"299",233,840,"blast_c_088_lsl",11
"300",263,NA,"blast_c_088_lsl",12
"301",287,NA,"blast_c_088_lsl",13
"302",305,709,"blast_c_088_lsl",14
"303",347,-55,"blast_c_088_lsl",15
"304",371,1144,"blast_c_088_lsl",16
"305",395,802,"blast_c_088_lsl",17
"306",431,-458,"blast_c_088_lsl",18
"307",455,905,"blast_c_088_lsl",19
"308",479,NA,"blast_c_088_lsl",20
"309",521,NA,"blast_c_088_lsl",21
"310",539,511,"blast_c_088_lsl",22
"311",551,NA,"blast_c_088_lsl",23
"312",563,521,"blast_c_088_lsl",24
"313",11,672,"blast_c_092_lsl",1
"314",29,634,"blast_c_092_lsl",2
"315",41,562,"blast_c_092_lsl",3
"316",71,651,"blast_c_092_lsl",4
"317",83,973,"blast_c_092_lsl",5
"318",119,692,"blast_c_092_lsl",6
"319",155,710,"blast_c_092_lsl",7
"320",185,878,"blast_c_092_lsl",8
"321",197,688,"blast_c_092_lsl",9
"322",215,653,"blast_c_092_lsl",10
"323",233,543,"blast_c_092_lsl",11
"324",263,604,"blast_c_092_lsl",12
"325",287,406,"blast_c_092_lsl",13
"326",305,1424,"blast_c_092_lsl",14
"327",347,752,"blast_c_092_lsl",15
"328",371,741,"blast_c_092_lsl",16
"329",395,215,"blast_c_092_lsl",17
"330",431,817,"blast_c_092_lsl",18
"331",455,1038,"blast_c_092_lsl",19
"332",479,540,"blast_c_092_lsl",20
"333",521,419,"blast_c_092_lsl",21
"334",539,559,"blast_c_092_lsl",22
"335",551,NA,"blast_c_092_lsl",23
"336",563,836,"blast_c_092_lsl",24
"337",5,-952,"blast_c_095_lsl",1
"338",35,553,"blast_c_095_lsl",2
"339",59,661,"blast_c_095_lsl",3
"340",101,922,"blast_c_095_lsl",4
"341",137,518,"blast_c_095_lsl",5
"342",161,303,"blast_c_095_lsl",6
"343",179,341,"blast_c_095_lsl",7
"344",209,682,"blast_c_095_lsl",8
"345",245,362,"blast_c_095_lsl",9
"346",257,335,"blast_c_095_lsl",10
"347",269,267,"blast_c_095_lsl",11
"348",293,331,"blast_c_095_lsl",12
"349",317,371,"blast_c_095_lsl",13
"350",335,9,"blast_c_095_lsl",14
"351",365,555,"blast_c_095_lsl",15
"352",407,498,"blast_c_095_lsl",16
"353",425,253,"blast_c_095_lsl",17
"354",443,326,"blast_c_095_lsl",18
"355",467,383,"blast_c_095_lsl",19
"356",491,728,"blast_c_095_lsl",20
"357",509,418,"blast_c_095_lsl",21
"358",533,-13,"blast_c_095_lsl",22
"359",557,372,"blast_c_095_lsl",23
"360",575,336,"blast_c_095_lsl",24
"361",23,598,"blast_c_096_lsl",1
"362",47,598,"blast_c_096_lsl",2
"363",65,780,"blast_c_096_lsl",3
"364",89,580,"blast_c_096_lsl",4
"365",113,437,"blast_c_096_lsl",5
"366",125,664,"blast_c_096_lsl",6
"367",149,497,"blast_c_096_lsl",7
"368",167,466,"blast_c_096_lsl",8
"369",203,465,"blast_c_096_lsl",9
"370",221,699,"blast_c_096_lsl",10
"371",239,739,"blast_c_096_lsl",11
"372",275,491,"blast_c_096_lsl",12
"373",299,475,"blast_c_096_lsl",13
"374",323,455,"blast_c_096_lsl",14
"375",341,739,"blast_c_096_lsl",15
"376",353,970,"blast_c_096_lsl",16
"377",383,885,"blast_c_096_lsl",17
"378",401,918,"blast_c_096_lsl",18
"379",419,812,"blast_c_096_lsl",19
"380",449,497,"blast_c_096_lsl",20
"381",461,712,"blast_c_096_lsl",21
"382",497,990,"blast_c_096_lsl",22
"383",515,NA,"blast_c_096_lsl",23
"384",545,703,"blast_c_096_lsl",24
"385",5,577,"blast_c_097_lsl",1
"386",35,399,"blast_c_097_lsl",2
"387",59,460,"blast_c_097_lsl",3
"388",101,329,"blast_c_097_lsl",4
"389",137,388,"blast_c_097_lsl",5
"390",161,420,"blast_c_097_lsl",6
"391",179,367,"blast_c_097_lsl",7
"392",209,450,"blast_c_097_lsl",8
"393",245,479,"blast_c_097_lsl",9
"394",257,NA,"blast_c_097_lsl",10
"395",269,402,"blast_c_097_lsl",11
"396",293,331,"blast_c_097_lsl",12
"397",317,375,"blast_c_097_lsl",13
"398",335,832,"blast_c_097_lsl",14
"399",365,397,"blast_c_097_lsl",15
"400",407,456,"blast_c_097_lsl",16
"401",425,1250,"blast_c_097_lsl",17
"402",443,389,"blast_c_097_lsl",18
"403",467,430,"blast_c_097_lsl",19
"404",491,620,"blast_c_097_lsl",20
"405",509,475,"blast_c_097_lsl",21
"406",533,363,"blast_c_097_lsl",22
"407",557,570,"blast_c_097_lsl",23
"408",575,435,"blast_c_097_lsl",24
"409",5,790,"blast_c_109_lsl",1
"410",35,453,"blast_c_109_lsl",2
"411",59,NA,"blast_c_109_lsl",3
"412",101,786,"blast_c_109_lsl",4
"413",137,409,"blast_c_109_lsl",5
"414",161,362,"blast_c_109_lsl",6
"415",179,339,"blast_c_109_lsl",7
"416",209,486,"blast_c_109_lsl",8
"417",245,876,"blast_c_109_lsl",9
"418",257,401,"blast_c_109_lsl",10
"419",269,623,"blast_c_109_lsl",11
"420",293,410,"blast_c_109_lsl",12
"421",317,619,"blast_c_109_lsl",13
"422",335,857,"blast_c_109_lsl",14
"423",365,537,"blast_c_109_lsl",15
"424",407,750,"blast_c_109_lsl",16
"425",425,558,"blast_c_109_lsl",17
"426",443,0,"blast_c_109_lsl",18
"427",467,12,"blast_c_109_lsl",19
"428",491,-478,"blast_c_109_lsl",20
"429",509,305,"blast_c_109_lsl",21
"430",533,670,"blast_c_109_lsl",22
"431",557,626,"blast_c_109_lsl",23
"432",575,831,"blast_c_109_lsl",24
"433",11,598,"blast_c_112_lsl",1
"434",29,588,"blast_c_112_lsl",2
"435",41,523,"blast_c_112_lsl",3
"436",71,748,"blast_c_112_lsl",4
"437",83,584,"blast_c_112_lsl",5
"438",119,514,"blast_c_112_lsl",6
"439",155,625,"blast_c_112_lsl",7
"440",185,589,"blast_c_112_lsl",8
"441",197,554,"blast_c_112_lsl",9
"442",215,NA,"blast_c_112_lsl",10
"443",233,594,"blast_c_112_lsl",11
"444",263,769,"blast_c_112_lsl",12
"445",287,547,"blast_c_112_lsl",13
"446",305,570,"blast_c_112_lsl",14
"447",347,698,"blast_c_112_lsl",15
"448",371,799,"blast_c_112_lsl",16
"449",395,708,"blast_c_112_lsl",17
"450",431,719,"blast_c_112_lsl",18
"451",455,449,"blast_c_112_lsl",19
"452",479,485,"blast_c_112_lsl",20
"453",521,570,"blast_c_112_lsl",21
"454",539,663,"blast_c_112_lsl",22
"455",551,731,"blast_c_112_lsl",23
"456",563,446,"blast_c_112_lsl",24
"457",23,528,"blast_c_118_lsl",1
"458",47,782,"blast_c_118_lsl",2
"459",65,538,"blast_c_118_lsl",3
"460",89,420,"blast_c_118_lsl",4
"461",113,428,"blast_c_118_lsl",5
"462",125,522,"blast_c_118_lsl",6
"463",149,692,"blast_c_118_lsl",7
"464",167,464,"blast_c_118_lsl",8
"465",203,432,"blast_c_118_lsl",9
"466",221,496,"blast_c_118_lsl",10
"467",239,692,"blast_c_118_lsl",11
"468",275,584,"blast_c_118_lsl",12
"469",299,498,"blast_c_118_lsl",13
"470",323,776,"blast_c_118_lsl",14
"471",341,674,"blast_c_118_lsl",15
"472",353,1282,"blast_c_118_lsl",16
"473",383,396,"blast_c_118_lsl",17
"474",401,588,"blast_c_118_lsl",18
"475",419,1038,"blast_c_118_lsl",19
"476",449,414,"blast_c_118_lsl",20
"477",461,1140,"blast_c_118_lsl",21
"478",497,480,"blast_c_118_lsl",22
"479",515,1642,"blast_c_118_lsl",23
"480",545,482,"blast_c_118_lsl",24
"481",23,NA,"blast_c_122_lsl",1
"482",47,751,"blast_c_122_lsl",2
"483",65,NA,"blast_c_122_lsl",3
"484",89,NA,"blast_c_122_lsl",4
"485",113,NA,"blast_c_122_lsl",5
"486",125,NA,"blast_c_122_lsl",6
"487",149,NA,"blast_c_122_lsl",7
"488",167,NA,"blast_c_122_lsl",8
"489",203,NA,"blast_c_122_lsl",9
"490",221,NA,"blast_c_122_lsl",10
"491",239,NA,"blast_c_122_lsl",11
"492",275,NA,"blast_c_122_lsl",12
"493",299,NA,"blast_c_122_lsl",13
"494",323,NA,"blast_c_122_lsl",14
"495",341,NA,"blast_c_122_lsl",15
"496",353,NA,"blast_c_122_lsl",16
"497",383,NA,"blast_c_122_lsl",17
"498",401,NA,"blast_c_122_lsl",18
"499",419,NA,"blast_c_122_lsl",19
"500",449,NA,"blast_c_122_lsl",20
"501",461,NA,"blast_c_122_lsl",21
"502",497,NA,"blast_c_122_lsl",22
"503",515,722,"blast_c_122_lsl",23
"504",545,NA,"blast_c_122_lsl",24
"505",11,524,"blast_c_124_lsl",1
"506",29,720,"blast_c_124_lsl",2
"507",41,501,"blast_c_124_lsl",3
"508",71,519,"blast_c_124_lsl",4
"509",83,531,"blast_c_124_lsl",5
"510",119,558,"blast_c_124_lsl",6
"511",155,584,"blast_c_124_lsl",7
"512",185,638,"blast_c_124_lsl",8
"513",197,682,"blast_c_124_lsl",9
"514",215,637,"blast_c_124_lsl",10
"515",233,532,"blast_c_124_lsl",11
"516",263,376,"blast_c_124_lsl",12
"517",287,615,"blast_c_124_lsl",13
"518",305,378,"blast_c_124_lsl",14
"519",347,467,"blast_c_124_lsl",15
"520",371,390,"blast_c_124_lsl",16
"521",395,736,"blast_c_124_lsl",17
"522",431,530,"blast_c_124_lsl",18
"523",455,414,"blast_c_124_lsl",19
"524",479,-604,"blast_c_124_lsl",20
"525",521,484,"blast_c_124_lsl",21
"526",539,724,"blast_c_124_lsl",22
"527",551,467,"blast_c_124_lsl",23
"528",563,451,"blast_c_124_lsl",24
"529",5,646,"blast_c_147_lsl",1
"530",35,514,"blast_c_147_lsl",2
"531",59,799,"blast_c_147_lsl",3
"532",101,700,"blast_c_147_lsl",4
"533",137,587,"blast_c_147_lsl",5
"534",161,505,"blast_c_147_lsl",6
"535",179,404,"blast_c_147_lsl",7
"536",209,599,"blast_c_147_lsl",8
"537",245,802,"blast_c_147_lsl",9
"538",257,489,"blast_c_147_lsl",10
"539",269,1807,"blast_c_147_lsl",11
"540",293,1021,"blast_c_147_lsl",12
"541",317,743,"blast_c_147_lsl",13
"542",335,699,"blast_c_147_lsl",14
"543",365,632,"blast_c_147_lsl",15
"544",407,-151,"blast_c_147_lsl",16
"545",425,696,"blast_c_147_lsl",17
"546",443,654,"blast_c_147_lsl",18
"547",467,749,"blast_c_147_lsl",19
"548",491,748,"blast_c_147_lsl",20
"549",509,376,"blast_c_147_lsl",21
"550",533,586,"blast_c_147_lsl",22
"551",557,-301,"blast_c_147_lsl",23
"552",575,646,"blast_c_147_lsl",24
"553",17,735,"blast_c_149_lsl",1
"554",53,797,"blast_c_149_lsl",2
"555",77,843,"blast_c_149_lsl",3
"556",95,802,"blast_c_149_lsl",4
"557",107,907,"blast_c_149_lsl",5
"558",131,961,"blast_c_149_lsl",6
"559",143,1028,"blast_c_149_lsl",7
"560",173,1136,"blast_c_149_lsl",8
"561",191,NA,"blast_c_149_lsl",9
"562",227,NA,"blast_c_149_lsl",10
"563",251,1214,"blast_c_149_lsl",11
"564",281,785,"blast_c_149_lsl",12
"565",311,NA,"blast_c_149_lsl",13
"566",329,NA,"blast_c_149_lsl",14
"567",359,NA,"blast_c_149_lsl",15
"568",377,1043,"blast_c_149_lsl",16
"569",389,1014,"blast_c_149_lsl",17
"570",413,950,"blast_c_149_lsl",18
"571",437,890,"blast_c_149_lsl",19
"572",473,761,"blast_c_149_lsl",20
"573",485,NA,"blast_c_149_lsl",21
"574",503,1049,"blast_c_149_lsl",22
"575",527,967,"blast_c_149_lsl",23
"576",569,1500,"blast_c_149_lsl",24
"577",23,387,"blast_c_150_lsl",1
"578",47,363,"blast_c_150_lsl",2
"579",65,356,"blast_c_150_lsl",3
"580",89,468,"blast_c_150_lsl",4
"581",113,412,"blast_c_150_lsl",5
"582",125,421,"blast_c_150_lsl",6
"583",149,539,"blast_c_150_lsl",7
"584",167,340,"blast_c_150_lsl",8
"585",203,394,"blast_c_150_lsl",9
"586",221,355,"blast_c_150_lsl",10
"587",239,483,"blast_c_150_lsl",11
"588",275,379,"blast_c_150_lsl",12
"589",299,394,"blast_c_150_lsl",13
"590",323,420,"blast_c_150_lsl",14
"591",341,395,"blast_c_150_lsl",15
"592",353,387,"blast_c_150_lsl",16
"593",383,419,"blast_c_150_lsl",17
"594",401,394,"blast_c_150_lsl",18
"595",419,419,"blast_c_150_lsl",19
"596",449,1089,"blast_c_150_lsl",20
"597",461,401,"blast_c_150_lsl",21
"598",497,467,"blast_c_150_lsl",22
"599",515,401,"blast_c_150_lsl",23
"600",545,411,"blast_c_150_lsl",24
"601",5,407,"blast_c_168_lsl",1
"602",35,796,"blast_c_168_lsl",2
"603",59,-678,"blast_c_168_lsl",3
"604",101,526,"blast_c_168_lsl",4
"605",137,430,"blast_c_168_lsl",5
"606",161,562,"blast_c_168_lsl",6
"607",179,407,"blast_c_168_lsl",7
"608",209,1029,"blast_c_168_lsl",8
"609",245,792,"blast_c_168_lsl",9
"610",257,NA,"blast_c_168_lsl",10
"611",269,450,"blast_c_168_lsl",11
"612",293,553,"blast_c_168_lsl",12
"613",317,1151,"blast_c_168_lsl",13
"614",335,549,"blast_c_168_lsl",14
"615",365,624,"blast_c_168_lsl",15
"616",407,863,"blast_c_168_lsl",16
"617",425,NA,"blast_c_168_lsl",17
"618",443,976,"blast_c_168_lsl",18
"619",467,451,"blast_c_168_lsl",19
"620",491,440,"blast_c_168_lsl",20
"621",509,427,"blast_c_168_lsl",21
"622",533,412,"blast_c_168_lsl",22
"623",557,NA,"blast_c_168_lsl",23
"624",575,753,"blast_c_168_lsl",24
"625",5,NA,"blast_c_170_lsl",1
"626",35,895,"blast_c_170_lsl",2
"627",59,745,"blast_c_170_lsl",3
"628",101,697,"blast_c_170_lsl",4
"629",137,572,"blast_c_170_lsl",5
"630",161,NA,"blast_c_170_lsl",6
"631",179,NA,"blast_c_170_lsl",7
"632",209,816,"blast_c_170_lsl",8
"633",245,899,"blast_c_170_lsl",9
"634",257,NA,"blast_c_170_lsl",10
"635",269,NA,"blast_c_170_lsl",11
"636",293,1072,"blast_c_170_lsl",12
"637",317,890,"blast_c_170_lsl",13
"638",335,1100,"blast_c_170_lsl",14
"639",365,913,"blast_c_170_lsl",15
"640",407,NA,"blast_c_170_lsl",16
"641",425,NA,"blast_c_170_lsl",17
"642",443,610,"blast_c_170_lsl",18
"643",467,1094,"blast_c_170_lsl",19
"644",491,NA,"blast_c_170_lsl",20
"645",509,1034,"blast_c_170_lsl",21
"646",533,1064,"blast_c_170_lsl",22
"647",557,825,"blast_c_170_lsl",23
"648",575,NA,"blast_c_170_lsl",24
"649",5,856,"blast_c_193_lsl",1
"650",35,NA,"blast_c_193_lsl",2
"651",59,859,"blast_c_193_lsl",3
"652",101,801,"blast_c_193_lsl",4
"653",137,833,"blast_c_193_lsl",5
"654",161,633,"blast_c_193_lsl",6
"655",179,601,"blast_c_193_lsl",7
"656",209,953,"blast_c_193_lsl",8
"657",245,493,"blast_c_193_lsl",9
"658",257,526,"blast_c_193_lsl",10
"659",269,NA,"blast_c_193_lsl",11
"660",293,958,"blast_c_193_lsl",12
"661",317,998,"blast_c_193_lsl",13
"662",335,-211,"blast_c_193_lsl",14
"663",365,1039,"blast_c_193_lsl",15
"664",407,695,"blast_c_193_lsl",16
"665",425,698,"blast_c_193_lsl",17
"666",443,NA,"blast_c_193_lsl",18
"667",467,679,"blast_c_193_lsl",19
"668",491,1105,"blast_c_193_lsl",20
"669",509,750,"blast_c_193_lsl",21
"670",533,796,"blast_c_193_lsl",22
"671",557,1174,"blast_c_193_lsl",23
"672",575,937,"blast_c_193_lsl",24
"673",23,NA,"blast_c_198_lsl",1
"674",47,492,"blast_c_198_lsl",2
"675",65,577,"blast_c_198_lsl",3
"676",89,544,"blast_c_198_lsl",4
"677",113,384,"blast_c_198_lsl",5
"678",125,578,"blast_c_198_lsl",6
"679",149,295,"blast_c_198_lsl",7
"680",167,529,"blast_c_198_lsl",8
"681",203,431,"blast_c_198_lsl",9
"682",221,631,"blast_c_198_lsl",10
"683",239,514,"blast_c_198_lsl",11
"684",275,591,"blast_c_198_lsl",12
"685",299,554,"blast_c_198_lsl",13
"686",323,541,"blast_c_198_lsl",14
"687",341,576,"blast_c_198_lsl",15
"688",353,916,"blast_c_198_lsl",16
"689",383,560,"blast_c_198_lsl",17
"690",401,NA,"blast_c_198_lsl",18
"691",419,311,"blast_c_198_lsl",19
"692",449,522,"blast_c_198_lsl",20
"693",461,NA,"blast_c_198_lsl",21
"694",497,731,"blast_c_198_lsl",22
"695",515,769,"blast_c_198_lsl",23
"696",545,752,"blast_c_198_lsl",24
"697",11,516,"blast_c_204_lsl",1
"698",29,551,"blast_c_204_lsl",2
"699",41,437,"blast_c_204_lsl",3
"700",71,481,"blast_c_204_lsl",4
"701",83,475,"blast_c_204_lsl",5
"702",119,359,"blast_c_204_lsl",6
"703",155,-22,"blast_c_204_lsl",7
"704",185,345,"blast_c_204_lsl",8
"705",197,494,"blast_c_204_lsl",9
"706",215,460,"blast_c_204_lsl",10
"707",233,NA,"blast_c_204_lsl",11
"708",263,NA,"blast_c_204_lsl",12
"709",287,NA,"blast_c_204_lsl",13
"710",305,NA,"blast_c_204_lsl",14
"711",347,NA,"blast_c_204_lsl",15
"712",371,607,"blast_c_204_lsl",16
"713",395,276,"blast_c_204_lsl",17
"714",431,326,"blast_c_204_lsl",18
"715",455,782,"blast_c_204_lsl",19
"716",479,365,"blast_c_204_lsl",20
"717",521,390,"blast_c_204_lsl",21
"718",539,1329,"blast_c_204_lsl",22
"719",551,545,"blast_c_204_lsl",23
"720",563,520,"blast_c_204_lsl",24
"721",11,490,"blast_c_206_lsl",1
"722",29,543,"blast_c_206_lsl",2
"723",41,531,"blast_c_206_lsl",3
"724",71,458,"blast_c_206_lsl",4
"725",83,669,"blast_c_206_lsl",5
"726",119,292,"blast_c_206_lsl",6
"727",155,322,"blast_c_206_lsl",7
"728",185,316,"blast_c_206_lsl",8
"729",197,650,"blast_c_206_lsl",9
"730",215,340,"blast_c_206_lsl",10
"731",233,366,"blast_c_206_lsl",11
"732",263,215,"blast_c_206_lsl",12
"733",287,291,"blast_c_206_lsl",13
"734",305,331,"blast_c_206_lsl",14
"735",347,337,"blast_c_206_lsl",15
"736",371,713,"blast_c_206_lsl",16
"737",395,328,"blast_c_206_lsl",17
"738",431,325,"blast_c_206_lsl",18
"739",455,NA,"blast_c_206_lsl",19
"740",479,467,"blast_c_206_lsl",20
"741",521,547,"blast_c_206_lsl",21
"742",539,381,"blast_c_206_lsl",22
"743",551,355,"blast_c_206_lsl",23
"744",563,356,"blast_c_206_lsl",24
"745",11,826,"blast_c_209_lsl",1
"746",29,730,"blast_c_209_lsl",2
"747",41,NA,"blast_c_209_lsl",3
"748",71,469,"blast_c_209_lsl",4
"749",83,NA,"blast_c_209_lsl",5
"750",119,679,"blast_c_209_lsl",6
"751",155,NA,"blast_c_209_lsl",7
"752",185,589,"blast_c_209_lsl",8
"753",197,NA,"blast_c_209_lsl",9
"754",215,473,"blast_c_209_lsl",10
"755",233,NA,"blast_c_209_lsl",11
"756",263,NA,"blast_c_209_lsl",12
"757",287,NA,"blast_c_209_lsl",13
"758",305,NA,"blast_c_209_lsl",14
"759",347,NA,"blast_c_209_lsl",15
"760",371,NA,"blast_c_209_lsl",16
"761",395,NA,"blast_c_209_lsl",17
"762",431,NA,"blast_c_209_lsl",18
"763",455,NA,"blast_c_209_lsl",19
"764",479,181,"blast_c_209_lsl",20
"765",521,230,"blast_c_209_lsl",21
"766",539,NA,"blast_c_209_lsl",22
"767",551,NA,"blast_c_209_lsl",23
"768",563,NA,"blast_c_209_lsl",24
"769",11,424,"blast_c_210_lsl",1
"770",29,82,"blast_c_210_lsl",2
"771",41,307,"blast_c_210_lsl",3
"772",71,1183,"blast_c_210_lsl",4
"773",83,858,"blast_c_210_lsl",5
"774",119,-398,"blast_c_210_lsl",6
"775",155,-377,"blast_c_210_lsl",7
"776",185,168,"blast_c_210_lsl",8
"777",197,735,"blast_c_210_lsl",9
"778",215,543,"blast_c_210_lsl",10
"779",233,575,"blast_c_210_lsl",11
"780",263,237,"blast_c_210_lsl",12
"781",287,153,"blast_c_210_lsl",13
"782",305,830,"blast_c_210_lsl",14
"783",347,157,"blast_c_210_lsl",15
"784",371,347,"blast_c_210_lsl",16
"785",395,474,"blast_c_210_lsl",17
"786",431,502,"blast_c_210_lsl",18
"787",455,353,"blast_c_210_lsl",19
"788",479,439,"blast_c_210_lsl",20
"789",521,333,"blast_c_210_lsl",21
"790",539,154,"blast_c_210_lsl",22
"791",551,728,"blast_c_210_lsl",23
"792",563,583,"blast_c_210_lsl",24
"793",17,700,"blast_c_211_lsl",1
"794",53,1199,"blast_c_211_lsl",2
"795",77,1078,"blast_c_211_lsl",3
"796",95,747,"blast_c_211_lsl",4
"797",107,666,"blast_c_211_lsl",5
"798",131,700,"blast_c_211_lsl",6
"799",143,636,"blast_c_211_lsl",7
"800",173,627,"blast_c_211_lsl",8
"801",191,737,"blast_c_211_lsl",9
"802",227,960,"blast_c_211_lsl",10
"803",251,1192,"blast_c_211_lsl",11
"804",281,1454,"blast_c_211_lsl",12
"805",311,737,"blast_c_211_lsl",13
"806",329,784,"blast_c_211_lsl",14
"807",359,NA,"blast_c_211_lsl",15
"808",377,840,"blast_c_211_lsl",16
"809",389,664,"blast_c_211_lsl",17
"810",413,836,"blast_c_211_lsl",18
"811",437,697,"blast_c_211_lsl",19
"812",473,860,"blast_c_211_lsl",20
"813",485,NA,"blast_c_211_lsl",21
"814",503,725,"blast_c_211_lsl",22
"815",527,669,"blast_c_211_lsl",23
"816",569,NA,"blast_c_211_lsl",24
"817",11,330,"blast_c_213_lsl",1
"818",29,341,"blast_c_213_lsl",2
"819",41,309,"blast_c_213_lsl",3
"820",71,834,"blast_c_213_lsl",4
"821",83,473,"blast_c_213_lsl",5
"822",119,311,"blast_c_213_lsl",6
"823",155,484,"blast_c_213_lsl",7
"824",185,437,"blast_c_213_lsl",8
"825",197,540,"blast_c_213_lsl",9
"826",215,425,"blast_c_213_lsl",10
"827",233,356,"blast_c_213_lsl",11
"828",263,366,"blast_c_213_lsl",12
"829",287,446,"blast_c_213_lsl",13
"830",305,401,"blast_c_213_lsl",14
"831",347,329,"blast_c_213_lsl",15
"832",371,38,"blast_c_213_lsl",16
"833",395,54,"blast_c_213_lsl",17
"834",431,110,"blast_c_213_lsl",18
"835",455,481,"blast_c_213_lsl",19
"836",479,-7,"blast_c_213_lsl",20
"837",521,48,"blast_c_213_lsl",21
"838",539,91,"blast_c_213_lsl",22
"839",551,171,"blast_c_213_lsl",23
"840",563,NA,"blast_c_213_lsl",24
"841",5,492,"blast_c_216_lsl",1
"842",35,697,"blast_c_216_lsl",2
"843",59,525,"blast_c_216_lsl",3
"844",101,659,"blast_c_216_lsl",4
"845",137,456,"blast_c_216_lsl",5
"846",161,576,"blast_c_216_lsl",6
"847",179,838,"blast_c_216_lsl",7
"848",209,661,"blast_c_216_lsl",8
"849",245,625,"blast_c_216_lsl",9
"850",257,513,"blast_c_216_lsl",10
"851",269,1295,"blast_c_216_lsl",11
"852",293,573,"blast_c_216_lsl",12
"853",317,NA,"blast_c_216_lsl",13
"854",335,764,"blast_c_216_lsl",14
"855",365,697,"blast_c_216_lsl",15
"856",407,828,"blast_c_216_lsl",16
"857",425,734,"blast_c_216_lsl",17
"858",443,826,"blast_c_216_lsl",18
"859",467,670,"blast_c_216_lsl",19
"860",491,657,"blast_c_216_lsl",20
"861",509,640,"blast_c_216_lsl",21
"862",533,580,"blast_c_216_lsl",22
"863",557,645,"blast_c_216_lsl",23
"864",575,-623,"blast_c_216_lsl",24
"865",23,504,"blast_c_220_lsl",1
"866",47,436,"blast_c_220_lsl",2
"867",65,527,"blast_c_220_lsl",3
"868",89,434,"blast_c_220_lsl",4
"869",113,80,"blast_c_220_lsl",5
"870",125,520,"blast_c_220_lsl",6
"871",149,456,"blast_c_220_lsl",7
"872",167,504,"blast_c_220_lsl",8
"873",203,459,"blast_c_220_lsl",9
"874",221,530,"blast_c_220_lsl",10
"875",239,536,"blast_c_220_lsl",11
"876",275,456,"blast_c_220_lsl",12
"877",299,523,"blast_c_220_lsl",13
"878",323,528,"blast_c_220_lsl",14
"879",341,477,"blast_c_220_lsl",15
"880",353,467,"blast_c_220_lsl",16
"881",383,500,"blast_c_220_lsl",17
"882",401,509,"blast_c_220_lsl",18
"883",419,492,"blast_c_220_lsl",19
"884",449,484,"blast_c_220_lsl",20
"885",461,582,"blast_c_220_lsl",21
"886",497,560,"blast_c_220_lsl",22
"887",515,525,"blast_c_220_lsl",23
"888",545,408,"blast_c_220_lsl",24
"889",5,570,"blast_c_230_lsl",1
"890",35,559,"blast_c_230_lsl",2
"891",59,992,"blast_c_230_lsl",3
"892",101,634,"blast_c_230_lsl",4
"893",137,478,"blast_c_230_lsl",5
"894",161,451,"blast_c_230_lsl",6
"895",179,-220,"blast_c_230_lsl",7
"896",209,512,"blast_c_230_lsl",8
"897",245,528,"blast_c_230_lsl",9
"898",257,NA,"blast_c_230_lsl",10
"899",269,393,"blast_c_230_lsl",11
"900",293,501,"blast_c_230_lsl",12
"901",317,317,"blast_c_230_lsl",13
"902",335,300,"blast_c_230_lsl",14
"903",365,227,"blast_c_230_lsl",15
"904",407,311,"blast_c_230_lsl",16
"905",425,558,"blast_c_230_lsl",17
"906",443,561,"blast_c_230_lsl",18
"907",467,364,"blast_c_230_lsl",19
"908",491,191,"blast_c_230_lsl",20
"909",509,-615,"blast_c_230_lsl",21
"910",533,339,"blast_c_230_lsl",22
"911",557,345,"blast_c_230_lsl",23
"912",575,NA,"blast_c_230_lsl",24
"913",5,618,"blast_c_232_lsl",1
"914",35,805,"blast_c_232_lsl",2
"915",59,580,"blast_c_232_lsl",3
"916",101,472,"blast_c_232_lsl",4
"917",137,576,"blast_c_232_lsl",5
"918",161,653,"blast_c_232_lsl",6
"919",179,576,"blast_c_232_lsl",7
"920",209,575,"blast_c_232_lsl",8
"921",245,143,"blast_c_232_lsl",9
"922",257,503,"blast_c_232_lsl",10
"923",269,307,"blast_c_232_lsl",11
"924",293,146,"blast_c_232_lsl",12
"925",317,121,"blast_c_232_lsl",13
"926",335,391,"blast_c_232_lsl",14
"927",365,556,"blast_c_232_lsl",15
"928",407,450,"blast_c_232_lsl",16
"929",425,332,"blast_c_232_lsl",17
"930",443,147,"blast_c_232_lsl",18
"931",467,21,"blast_c_232_lsl",19
"932",491,112,"blast_c_232_lsl",20
"933",509,141,"blast_c_232_lsl",21
"934",533,633,"blast_c_232_lsl",22
"935",557,266,"blast_c_232_lsl",23
"936",575,146,"blast_c_232_lsl",24
"937",23,499,"blast_c_233_lsl",1
"938",47,541,"blast_c_233_lsl",2
"939",65,341,"blast_c_233_lsl",3
"940",89,772,"blast_c_233_lsl",4
"941",113,227,"blast_c_233_lsl",5
"942",125,869,"blast_c_233_lsl",6
"943",149,69,"blast_c_233_lsl",7
"944",167,490,"blast_c_233_lsl",8
"945",203,218,"blast_c_233_lsl",9
"946",221,252,"blast_c_233_lsl",10
"947",239,468,"blast_c_233_lsl",11
"948",275,673,"blast_c_233_lsl",12
"949",299,322,"blast_c_233_lsl",13
"950",323,66,"blast_c_233_lsl",14
"951",341,100,"blast_c_233_lsl",15
"952",353,266,"blast_c_233_lsl",16
"953",383,66,"blast_c_233_lsl",17
"954",401,426,"blast_c_233_lsl",18
"955",419,326,"blast_c_233_lsl",19
"956",449,-116,"blast_c_233_lsl",20
"957",461,92,"blast_c_233_lsl",21
"958",497,254,"blast_c_233_lsl",22
"959",515,84,"blast_c_233_lsl",23
"960",545,134,"blast_c_233_lsl",24
"961",11,454,"blast_c_265_lsl",1
"962",29,523,"blast_c_265_lsl",2
"963",41,540,"blast_c_265_lsl",3
"964",71,560,"blast_c_265_lsl",4
"965",83,1011,"blast_c_265_lsl",5
"966",119,630,"blast_c_265_lsl",6
"967",155,721,"blast_c_265_lsl",7
"968",185,358,"blast_c_265_lsl",8
"969",197,935,"blast_c_265_lsl",9
"970",215,351,"blast_c_265_lsl",10
"971",233,437,"blast_c_265_lsl",11
"972",263,503,"blast_c_265_lsl",12
"973",287,407,"blast_c_265_lsl",13
"974",305,482,"blast_c_265_lsl",14
"975",347,547,"blast_c_265_lsl",15
"976",371,668,"blast_c_265_lsl",16
"977",395,451,"blast_c_265_lsl",17
"978",431,444,"blast_c_265_lsl",18
"979",455,765,"blast_c_265_lsl",19
"980",479,705,"blast_c_265_lsl",20
"981",521,533,"blast_c_265_lsl",21
"982",539,607,"blast_c_265_lsl",22
"983",551,250,"blast_c_265_lsl",23
"984",563,717,"blast_c_265_lsl",24
"985",11,522,"blast_c_267_lsl",1
"986",29,593,"blast_c_267_lsl",2
"987",41,451,"blast_c_267_lsl",3
"988",71,812,"blast_c_267_lsl",4
"989",83,616,"blast_c_267_lsl",5
"990",119,674,"blast_c_267_lsl",6
"991",155,654,"blast_c_267_lsl",7
"992",185,575,"blast_c_267_lsl",8
"993",197,670,"blast_c_267_lsl",9
"994",215,712,"blast_c_267_lsl",10
"995",233,511,"blast_c_267_lsl",11
"996",263,674,"blast_c_267_lsl",12
"997",287,738,"blast_c_267_lsl",13
"998",305,752,"blast_c_267_lsl",14
"999",347,646,"blast_c_267_lsl",15
"1000",371,441,"blast_c_267_lsl",16
"1001",395,837,"blast_c_267_lsl",17
"1002",431,611,"blast_c_267_lsl",18
"1003",455,607,"blast_c_267_lsl",19
"1004",479,643,"blast_c_267_lsl",20
"1005",521,16,"blast_c_267_lsl",21
"1006",539,-266,"blast_c_267_lsl",22
"1007",551,NA,"blast_c_267_lsl",23
"1008",563,684,"blast_c_267_lsl",24
"1009",11,484,"blast_c_268_lsl",1
"1010",29,78,"blast_c_268_lsl",2
"1011",41,259,"blast_c_268_lsl",3
"1012",71,69,"blast_c_268_lsl",4
"1013",83,866,"blast_c_268_lsl",5
"1014",119,386,"blast_c_268_lsl",6
"1015",155,40,"blast_c_268_lsl",7
"1016",185,263,"blast_c_268_lsl",8
"1017",197,-32,"blast_c_268_lsl",9
"1018",215,NA,"blast_c_268_lsl",10
"1019",233,199,"blast_c_268_lsl",11
"1020",263,285,"blast_c_268_lsl",12
"1021",287,89,"blast_c_268_lsl",13
"1022",305,126,"blast_c_268_lsl",14
"1023",347,123,"blast_c_268_lsl",15
"1024",371,434,"blast_c_268_lsl",16
"1025",395,127,"blast_c_268_lsl",17
"1026",431,110,"blast_c_268_lsl",18
"1027",455,315,"blast_c_268_lsl",19
"1028",479,97,"blast_c_268_lsl",20
"1029",521,167,"blast_c_268_lsl",21
"1030",539,NA,"blast_c_268_lsl",22
"1031",551,566,"blast_c_268_lsl",23
"1032",563,613,"blast_c_268_lsl",24
"1033",17,747,"blast_c_269_lsl",1
"1034",53,1172,"blast_c_269_lsl",2
"1035",77,945,"blast_c_269_lsl",3
"1036",95,918,"blast_c_269_lsl",4
"1037",107,1746,"blast_c_269_lsl",5
"1038",131,1575,"blast_c_269_lsl",6
"1039",143,994,"blast_c_269_lsl",7
"1040",173,684,"blast_c_269_lsl",8
"1041",191,1063,"blast_c_269_lsl",9
"1042",227,1434,"blast_c_269_lsl",10
"1043",251,-90,"blast_c_269_lsl",11
"1044",281,864,"blast_c_269_lsl",12
"1045",311,1885,"blast_c_269_lsl",13
"1046",329,978,"blast_c_269_lsl",14
"1047",359,NA,"blast_c_269_lsl",15
"1048",377,NA,"blast_c_269_lsl",16
"1049",389,840,"blast_c_269_lsl",17
"1050",413,NA,"blast_c_269_lsl",18
"1051",437,1349,"blast_c_269_lsl",19
"1052",473,908,"blast_c_269_lsl",20
"1053",485,1497,"blast_c_269_lsl",21
"1054",503,705,"blast_c_269_lsl",22
"1055",527,-56,"blast_c_269_lsl",23
"1056",569,NA,"blast_c_269_lsl",24
"1057",23,822,"blast_c_403_lsl",1
"1058",47,574,"blast_c_403_lsl",2
"1059",65,662,"blast_c_403_lsl",3
"1060",89,548,"blast_c_403_lsl",4
"1061",113,599,"blast_c_403_lsl",5
"1062",125,692,"blast_c_403_lsl",6
"1063",149,729,"blast_c_403_lsl",7
"1064",167,722,"blast_c_403_lsl",8
"1065",203,535,"blast_c_403_lsl",9
"1066",221,1090,"blast_c_403_lsl",10
"1067",239,663,"blast_c_403_lsl",11
"1068",275,587,"blast_c_403_lsl",12
"1069",299,828,"blast_c_403_lsl",13
"1070",323,789,"blast_c_403_lsl",14
"1071",341,515,"blast_c_403_lsl",15
"1072",353,534,"blast_c_403_lsl",16
"1073",383,480,"blast_c_403_lsl",17
"1074",401,954,"blast_c_403_lsl",18
"1075",419,562,"blast_c_403_lsl",19
"1076",449,620,"blast_c_403_lsl",20
"1077",461,606,"blast_c_403_lsl",21
"1078",497,574,"blast_c_403_lsl",22
"1079",515,738,"blast_c_403_lsl",23
"1080",545,NA,"blast_c_403_lsl",24
"1081",23,692,"blast_c_406_lsl",1
"1082",47,621,"blast_c_406_lsl",2
"1083",65,710,"blast_c_406_lsl",3
"1084",89,851,"blast_c_406_lsl",4
"1085",113,NA,"blast_c_406_lsl",5
"1086",125,NA,"blast_c_406_lsl",6
"1087",149,NA,"blast_c_406_lsl",7
"1088",167,725,"blast_c_406_lsl",8
"1089",203,531,"blast_c_406_lsl",9
"1090",221,1289,"blast_c_406_lsl",10
"1091",239,592,"blast_c_406_lsl",11
"1092",275,NA,"blast_c_406_lsl",12
"1093",299,681,"blast_c_406_lsl",13
"1094",323,643,"blast_c_406_lsl",14
"1095",341,579,"blast_c_406_lsl",15
"1096",353,NA,"blast_c_406_lsl",16
"1097",383,NA,"blast_c_406_lsl",17
"1098",401,1702,"blast_c_406_lsl",18
"1099",419,NA,"blast_c_406_lsl",19
"1100",449,715,"blast_c_406_lsl",20
"1101",461,NA,"blast_c_406_lsl",21
"1102",497,852,"blast_c_406_lsl",22
"1103",515,746,"blast_c_406_lsl",23
"1104",545,937,"blast_c_406_lsl",24
"1105",17,383,"blast_c_409_lsl",1
"1106",53,587,"blast_c_409_lsl",2
"1107",77,575,"blast_c_409_lsl",3
"1108",95,403,"blast_c_409_lsl",4
"1109",107,750,"blast_c_409_lsl",5
"1110",131,442,"blast_c_409_lsl",6
"1111",143,433,"blast_c_409_lsl",7
"1112",173,429,"blast_c_409_lsl",8
"1113",191,606,"blast_c_409_lsl",9
"1114",227,532,"blast_c_409_lsl",10
"1115",251,590,"blast_c_409_lsl",11
"1116",281,398,"blast_c_409_lsl",12
"1117",311,404,"blast_c_409_lsl",13
"1118",329,643,"blast_c_409_lsl",14
"1119",359,514,"blast_c_409_lsl",15
"1120",377,415,"blast_c_409_lsl",16
"1121",389,700,"blast_c_409_lsl",17
"1122",413,871,"blast_c_409_lsl",18
"1123",437,510,"blast_c_409_lsl",19
"1124",473,699,"blast_c_409_lsl",20
"1125",485,756,"blast_c_409_lsl",21
"1126",503,428,"blast_c_409_lsl",22
"1127",527,505,"blast_c_409_lsl",23
"1128",569,352,"blast_c_409_lsl",24
"1129",5,504,"blast_c_410_lsl",1
"1130",35,513,"blast_c_410_lsl",2
"1131",59,704,"blast_c_410_lsl",3
"1132",101,579,"blast_c_410_lsl",4
"1133",137,458,"blast_c_410_lsl",5
"1134",161,899,"blast_c_410_lsl",6
"1135",179,576,"blast_c_410_lsl",7
"1136",209,620,"blast_c_410_lsl",8
"1137",245,708,"blast_c_410_lsl",9
"1138",257,594,"blast_c_410_lsl",10
"1139",269,524,"blast_c_410_lsl",11
"1140",293,-468,"blast_c_410_lsl",12
"1141",317,394,"blast_c_410_lsl",13
"1142",335,436,"blast_c_410_lsl",14
"1143",365,420,"blast_c_410_lsl",15
"1144",407,-464,"blast_c_410_lsl",16
"1145",425,483,"blast_c_410_lsl",17
"1146",443,425,"blast_c_410_lsl",18
"1147",467,416,"blast_c_410_lsl",19
"1148",491,-440,"blast_c_410_lsl",20
"1149",509,700,"blast_c_410_lsl",21
"1150",533,176,"blast_c_410_lsl",22
"1151",557,288,"blast_c_410_lsl",23
"1152",575,322,"blast_c_410_lsl",24
"1153",17,532,"blast_c_412_lsl",1
"1154",53,506,"blast_c_412_lsl",2
"1155",77,623,"blast_c_412_lsl",3
"1156",95,488,"blast_c_412_lsl",4
"1157",107,547,"blast_c_412_lsl",5
"1158",131,410,"blast_c_412_lsl",6
"1159",143,548,"blast_c_412_lsl",7
"1160",173,615,"blast_c_412_lsl",8
"1161",191,445,"blast_c_412_lsl",9
"1162",227,438,"blast_c_412_lsl",10
"1163",251,598,"blast_c_412_lsl",11
"1164",281,492,"blast_c_412_lsl",12
"1165",311,586,"blast_c_412_lsl",13
"1166",329,497,"blast_c_412_lsl",14
"1167",359,514,"blast_c_412_lsl",15
"1168",377,591,"blast_c_412_lsl",16
"1169",389,537,"blast_c_412_lsl",17
"1170",413,387,"blast_c_412_lsl",18
"1171",437,468,"blast_c_412_lsl",19
"1172",473,368,"blast_c_412_lsl",20
"1173",485,539,"blast_c_412_lsl",21
"1174",503,512,"blast_c_412_lsl",22
"1175",527,467,"blast_c_412_lsl",23
"1176",569,566,"blast_c_412_lsl",24
"1177",5,863,"blast_c_418_lsl",1
"1178",35,592,"blast_c_418_lsl",2
"1179",59,595,"blast_c_418_lsl",3
"1180",101,629,"blast_c_418_lsl",4
"1181",137,424,"blast_c_418_lsl",5
"1182",161,679,"blast_c_418_lsl",6
"1183",179,317,"blast_c_418_lsl",7
"1184",209,325,"blast_c_418_lsl",8
"1185",245,715,"blast_c_418_lsl",9
"1186",257,804,"blast_c_418_lsl",10
"1187",269,462,"blast_c_418_lsl",11
"1188",293,213,"blast_c_418_lsl",12
"1189",317,222,"blast_c_418_lsl",13
"1190",335,384,"blast_c_418_lsl",14
"1191",365,-263,"blast_c_418_lsl",15
"1192",407,185,"blast_c_418_lsl",16
"1193",425,-361,"blast_c_418_lsl",17
"1194",443,408,"blast_c_418_lsl",18
"1195",467,202,"blast_c_418_lsl",19
"1196",491,224,"blast_c_418_lsl",20
"1197",509,302,"blast_c_418_lsl",21
"1198",533,381,"blast_c_418_lsl",22
"1199",557,198,"blast_c_418_lsl",23
"1200",575,449,"blast_c_418_lsl",24
"1201",23,1032,"blast_c_423_lsl",1
"1202",47,830,"blast_c_423_lsl",2
"1203",65,878,"blast_c_423_lsl",3
"1204",89,575,"blast_c_423_lsl",4
"1205",113,658,"blast_c_423_lsl",5
"1206",125,NA,"blast_c_423_lsl",6
"1207",149,740,"blast_c_423_lsl",7
"1208",167,NA,"blast_c_423_lsl",8
"1209",203,787,"blast_c_423_lsl",9
"1210",221,NA,"blast_c_423_lsl",10
"1211",239,-872,"blast_c_423_lsl",11
"1212",275,604,"blast_c_423_lsl",12
"1213",299,NA,"blast_c_423_lsl",13
"1214",323,NA,"blast_c_423_lsl",14
"1215",341,964,"blast_c_423_lsl",15
"1216",353,NA,"blast_c_423_lsl",16
"1217",383,642,"blast_c_423_lsl",17
"1218",401,1228,"blast_c_423_lsl",18
"1219",419,621,"blast_c_423_lsl",19
"1220",449,660,"blast_c_423_lsl",20
"1221",461,NA,"blast_c_423_lsl",21
"1222",497,379,"blast_c_423_lsl",22
"1223",515,164,"blast_c_423_lsl",23
"1224",545,275,"blast_c_423_lsl",24
"1225",17,612,"blast_c_427_lsl",1
"1226",53,628,"blast_c_427_lsl",2
"1227",77,700,"blast_c_427_lsl",3
"1228",95,1011,"blast_c_427_lsl",4
"1229",107,628,"blast_c_427_lsl",5
"1230",131,660,"blast_c_427_lsl",6
"1231",143,821,"blast_c_427_lsl",7
"1232",173,428,"blast_c_427_lsl",8
"1233",191,756,"blast_c_427_lsl",9
"1234",227,444,"blast_c_427_lsl",10
"1235",251,660,"blast_c_427_lsl",11
"1236",281,844,"blast_c_427_lsl",12
"1237",311,860,"blast_c_427_lsl",13
"1238",329,548,"blast_c_427_lsl",14
"1239",359,NA,"blast_c_427_lsl",15
"1240",377,172,"blast_c_427_lsl",16
"1241",389,-980,"blast_c_427_lsl",17
"1242",413,571,"blast_c_427_lsl",18
"1243",437,467,"blast_c_427_lsl",19
"1244",473,-364,"blast_c_427_lsl",20
"1245",485,995,"blast_c_427_lsl",21
"1246",503,452,"blast_c_427_lsl",22
"1247",527,700,"blast_c_427_lsl",23
"1248",569,501,"blast_c_427_lsl",24
"1249",17,518,"blast_c_428_lsl",1
"1250",53,813,"blast_c_428_lsl",2
"1251",77,808,"blast_c_428_lsl",3
"1252",95,611,"blast_c_428_lsl",4
"1253",107,1166,"blast_c_428_lsl",5
"1254",131,NA,"blast_c_428_lsl",6
"1255",143,569,"blast_c_428_lsl",7
"1256",173,833,"blast_c_428_lsl",8
"1257",191,643,"blast_c_428_lsl",9
"1258",227,542,"blast_c_428_lsl",10
"1259",251,774,"blast_c_428_lsl",11
"1260",281,NA,"blast_c_428_lsl",12
"1261",311,839,"blast_c_428_lsl",13
"1262",329,1004,"blast_c_428_lsl",14
"1263",359,833,"blast_c_428_lsl",15
"1264",377,473,"blast_c_428_lsl",16
"1265",389,615,"blast_c_428_lsl",17
"1266",413,659,"blast_c_428_lsl",18
"1267",437,548,"blast_c_428_lsl",19
"1268",473,294,"blast_c_428_lsl",20
"1269",485,442,"blast_c_428_lsl",21
"1270",503,535,"blast_c_428_lsl",22
"1271",527,535,"blast_c_428_lsl",23
"1272",569,445,"blast_c_428_lsl",24
"1273",17,1095,"blast_c_429_lsl",1
"1274",53,1564,"blast_c_429_lsl",2
"1275",77,1312,"blast_c_429_lsl",3
"1276",95,901,"blast_c_429_lsl",4
"1277",107,1249,"blast_c_429_lsl",5
"1278",131,1129,"blast_c_429_lsl",6
"1279",143,NA,"blast_c_429_lsl",7
"1280",173,1112,"blast_c_429_lsl",8
"1281",191,NA,"blast_c_429_lsl",9
"1282",227,NA,"blast_c_429_lsl",10
"1283",251,NA,"blast_c_429_lsl",11
"1284",281,NA,"blast_c_429_lsl",12
"1285",311,991,"blast_c_429_lsl",13
"1286",329,NA,"blast_c_429_lsl",14
"1287",359,1803,"blast_c_429_lsl",15
"1288",377,1499,"blast_c_429_lsl",16
"1289",389,NA,"blast_c_429_lsl",17
"1290",413,1293,"blast_c_429_lsl",18
"1291",437,NA,"blast_c_429_lsl",19
"1292",473,NA,"blast_c_429_lsl",20
"1293",485,NA,"blast_c_429_lsl",21
"1294",503,973,"blast_c_429_lsl",22
"1295",527,1442,"blast_c_429_lsl",23
"1296",569,1144,"blast_c_429_lsl",24
"1297",23,406,"blast_c_438_lsl",1
"1298",47,503,"blast_c_438_lsl",2
"1299",65,430,"blast_c_438_lsl",3
"1300",89,222,"blast_c_438_lsl",4
"1301",113,318,"blast_c_438_lsl",5
"1302",125,302,"blast_c_438_lsl",6
"1303",149,318,"blast_c_438_lsl",7
"1304",167,213,"blast_c_438_lsl",8
"1305",203,357,"blast_c_438_lsl",9
"1306",221,1246,"blast_c_438_lsl",10
"1307",239,406,"blast_c_438_lsl",11
"1308",275,326,"blast_c_438_lsl",12
"1309",299,406,"blast_c_438_lsl",13
"1310",323,278,"blast_c_438_lsl",14
"1311",341,109,"blast_c_438_lsl",15
"1312",353,174,"blast_c_438_lsl",16
"1313",383,278,"blast_c_438_lsl",17
"1314",401,334,"blast_c_438_lsl",18
"1315",419,342,"blast_c_438_lsl",19
"1316",449,-818,"blast_c_438_lsl",20
"1317",461,318,"blast_c_438_lsl",21
"1318",497,430,"blast_c_438_lsl",22
"1319",515,423,"blast_c_438_lsl",23
"1320",545,366,"blast_c_438_lsl",24
"1321",17,796,"blast_c_439_lsl",1
"1322",53,506,"blast_c_439_lsl",2
"1323",77,827,"blast_c_439_lsl",3
"1324",95,961,"blast_c_439_lsl",4
"1325",107,883,"blast_c_439_lsl",5
"1326",131,626,"blast_c_439_lsl",6
"1327",143,771,"blast_c_439_lsl",7
"1328",173,587,"blast_c_439_lsl",8
"1329",191,642,"blast_c_439_lsl",9
"1330",227,580,"blast_c_439_lsl",10
"1331",251,546,"blast_c_439_lsl",11
"1332",281,539,"blast_c_439_lsl",12
"1333",311,-236,"blast_c_439_lsl",13
"1334",329,474,"blast_c_439_lsl",14
"1335",359,NA,"blast_c_439_lsl",15
"1336",377,428,"blast_c_439_lsl",16
"1337",389,811,"blast_c_439_lsl",17
"1338",413,457,"blast_c_439_lsl",18
"1339",437,555,"blast_c_439_lsl",19
"1340",473,474,"blast_c_439_lsl",20
"1341",485,587,"blast_c_439_lsl",21
"1342",503,645,"blast_c_439_lsl",22
"1343",527,580,"blast_c_439_lsl",23
"1344",569,812,"blast_c_439_lsl",24
"1345",17,510,"blast_c_440_lsl",1
"1346",53,693,"blast_c_440_lsl",2
"1347",77,806,"blast_c_440_lsl",3
"1348",95,653,"blast_c_440_lsl",4
"1349",107,NA,"blast_c_440_lsl",5
"1350",131,575,"blast_c_440_lsl",6
"1351",143,1395,"blast_c_440_lsl",7
"1352",173,586,"blast_c_440_lsl",8
"1353",191,772,"blast_c_440_lsl",9
"1354",227,716,"blast_c_440_lsl",10
"1355",251,612,"blast_c_440_lsl",11
"1356",281,-442,"blast_c_440_lsl",12
"1357",311,206,"blast_c_440_lsl",13
"1358",329,644,"blast_c_440_lsl",14
"1359",359,NA,"blast_c_440_lsl",15
"1360",377,-317,"blast_c_440_lsl",16
"1361",389,NA,"blast_c_440_lsl",17
"1362",413,436,"blast_c_440_lsl",18
"1363",437,334,"blast_c_440_lsl",19
"1364",473,-304,"blast_c_440_lsl",20
"1365",485,NA,"blast_c_440_lsl",21
"1366",503,420,"blast_c_440_lsl",22
"1367",527,397,"blast_c_440_lsl",23
"1368",569,592,"blast_c_440_lsl",24
"1369",11,565,"blast_c_444_lsl",1
"1370",29,563,"blast_c_444_lsl",2
"1371",41,774,"blast_c_444_lsl",3
"1372",71,408,"blast_c_444_lsl",4
"1373",83,562,"blast_c_444_lsl",5
"1374",119,403,"blast_c_444_lsl",6
"1375",155,375,"blast_c_444_lsl",7
"1376",185,319,"blast_c_444_lsl",8
"1377",197,324,"blast_c_444_lsl",9
"1378",215,674,"blast_c_444_lsl",10
"1379",233,-305,"blast_c_444_lsl",11
"1380",263,396,"blast_c_444_lsl",12
"1381",287,337,"blast_c_444_lsl",13
"1382",305,426,"blast_c_444_lsl",14
"1383",347,-49,"blast_c_444_lsl",15
"1384",371,444,"blast_c_444_lsl",16
"1385",395,-261,"blast_c_444_lsl",17
"1386",431,229,"blast_c_444_lsl",18
"1387",455,378,"blast_c_444_lsl",19
"1388",479,-246,"blast_c_444_lsl",20
"1389",521,397,"blast_c_444_lsl",21
"1390",539,944,"blast_c_444_lsl",22
"1391",551,NA,"blast_c_444_lsl",23
"1392",563,673,"blast_c_444_lsl",24
"1393",23,627,"blast_c_449_lsl",1
"1394",47,617,"blast_c_449_lsl",2
"1395",65,533,"blast_c_449_lsl",3
"1396",89,425,"blast_c_449_lsl",4
"1397",113,385,"blast_c_449_lsl",5
"1398",125,1290,"blast_c_449_lsl",6
"1399",149,423,"blast_c_449_lsl",7
"1400",167,-405,"blast_c_449_lsl",8
"1401",203,1137,"blast_c_449_lsl",9
"1402",221,424,"blast_c_449_lsl",10
"1403",239,662,"blast_c_449_lsl",11
"1404",275,327,"blast_c_449_lsl",12
"1405",299,534,"blast_c_449_lsl",13
"1406",323,689,"blast_c_449_lsl",14
"1407",341,595,"blast_c_449_lsl",15
"1408",353,NA,"blast_c_449_lsl",16
"1409",383,146,"blast_c_449_lsl",17
"1410",401,493,"blast_c_449_lsl",18
"1411",419,450,"blast_c_449_lsl",19
"1412",449,608,"blast_c_449_lsl",20
"1413",461,NA,"blast_c_449_lsl",21
"1414",497,330,"blast_c_449_lsl",22
"1415",515,496,"blast_c_449_lsl",23
"1416",545,398,"blast_c_449_lsl",24
"1417",23,385,"blast_c_450_lsl",1
"1418",47,605,"blast_c_450_lsl",2
"1419",65,448,"blast_c_450_lsl",3
"1420",89,542,"blast_c_450_lsl",4
"1421",113,523,"blast_c_450_lsl",5
"1422",125,470,"blast_c_450_lsl",6
"1423",149,717,"blast_c_450_lsl",7
"1424",167,579,"blast_c_450_lsl",8
"1425",203,467,"blast_c_450_lsl",9
"1426",221,367,"blast_c_450_lsl",10
"1427",239,80,"blast_c_450_lsl",11
"1428",275,244,"blast_c_450_lsl",12
"1429",299,119,"blast_c_450_lsl",13
"1430",323,164,"blast_c_450_lsl",14
"1431",341,84,"blast_c_450_lsl",15
"1432",353,124,"blast_c_450_lsl",16
"1433",383,250,"blast_c_450_lsl",17
"1434",401,342,"blast_c_450_lsl",18
"1435",419,158,"blast_c_450_lsl",19
"1436",449,241,"blast_c_450_lsl",20
"1437",461,136,"blast_c_450_lsl",21
"1438",497,571,"blast_c_450_lsl",22
"1439",515,24,"blast_c_450_lsl",23
"1440",545,107,"blast_c_450_lsl",24
"1441",5,646,"blast_c_451_lsl",1
"1442",35,753,"blast_c_451_lsl",2
"1443",59,164,"blast_c_451_lsl",3
"1444",101,-72,"blast_c_451_lsl",4
"1445",137,-544,"blast_c_451_lsl",5
"1446",161,99,"blast_c_451_lsl",6
"1447",179,37,"blast_c_451_lsl",7
"1448",209,235,"blast_c_451_lsl",8
"1449",245,365,"blast_c_451_lsl",9
"1450",257,1065,"blast_c_451_lsl",10
"1451",269,119,"blast_c_451_lsl",11
"1452",293,335,"blast_c_451_lsl",12
"1453",317,345,"blast_c_451_lsl",13
"1454",335,54,"blast_c_451_lsl",14
"1455",365,553,"blast_c_451_lsl",15
"1456",407,295,"blast_c_451_lsl",16
"1457",425,631,"blast_c_451_lsl",17
"1458",443,105,"blast_c_451_lsl",18
"1459",467,-23,"blast_c_451_lsl",19
"1460",491,466,"blast_c_451_lsl",20
"1461",509,199,"blast_c_451_lsl",21
"1462",533,114,"blast_c_451_lsl",22
"1463",557,361,"blast_c_451_lsl",23
"1464",575,110,"blast_c_451_lsl",24
"1465",5,631,"blast_c_454_lsl",1
"1466",35,574,"blast_c_454_lsl",2
"1467",59,838,"blast_c_454_lsl",3
"1468",101,587,"blast_c_454_lsl",4
"1469",137,744,"blast_c_454_lsl",5
"1470",161,985,"blast_c_454_lsl",6
"1471",179,849,"blast_c_454_lsl",7
"1472",209,567,"blast_c_454_lsl",8
"1473",245,581,"blast_c_454_lsl",9
"1474",257,714,"blast_c_454_lsl",10
"1475",269,-772,"blast_c_454_lsl",11
"1476",293,849,"blast_c_454_lsl",12
"1477",317,664,"blast_c_454_lsl",13
"1478",335,781,"blast_c_454_lsl",14
"1479",365,479,"blast_c_454_lsl",15
"1480",407,847,"blast_c_454_lsl",16
"1481",425,623,"blast_c_454_lsl",17
"1482",443,662,"blast_c_454_lsl",18
"1483",467,883,"blast_c_454_lsl",19
"1484",491,727,"blast_c_454_lsl",20
"1485",509,607,"blast_c_454_lsl",21
"1486",533,960,"blast_c_454_lsl",22
"1487",557,556,"blast_c_454_lsl",23
"1488",575,588,"blast_c_454_lsl",24
"1489",17,667,"blast_c_457_lsl",1
"1490",53,654,"blast_c_457_lsl",2
"1491",77,731,"blast_c_457_lsl",3
"1492",95,630,"blast_c_457_lsl",4
"1493",107,855,"blast_c_457_lsl",5
"1494",131,631,"blast_c_457_lsl",6
"1495",143,870,"blast_c_457_lsl",7
"1496",173,563,"blast_c_457_lsl",8
"1497",191,665,"blast_c_457_lsl",9
"1498",227,613,"blast_c_457_lsl",10
"1499",251,571,"blast_c_457_lsl",11
"1500",281,657,"blast_c_457_lsl",12
"1501",311,563,"blast_c_457_lsl",13
"1502",329,726,"blast_c_457_lsl",14
"1503",359,644,"blast_c_457_lsl",15
"1504",377,771,"blast_c_457_lsl",16
"1505",389,721,"blast_c_457_lsl",17
"1506",413,656,"blast_c_457_lsl",18
"1507",437,692,"blast_c_457_lsl",19
"1508",473,532,"blast_c_457_lsl",20
"1509",485,934,"blast_c_457_lsl",21
"1510",503,1731,"blast_c_457_lsl",22
"1511",527,1314,"blast_c_457_lsl",23
"1512",569,608,"blast_c_457_lsl",24
"1513",11,529,"blast_c_461_lsl",1
"1514",29,563,"blast_c_461_lsl",2
"1515",41,648,"blast_c_461_lsl",3
"1516",71,407,"blast_c_461_lsl",4
"1517",83,753,"blast_c_461_lsl",5
"1518",119,615,"blast_c_461_lsl",6
"1519",155,583,"blast_c_461_lsl",7
"1520",185,-619,"blast_c_461_lsl",8
"1521",197,607,"blast_c_461_lsl",9
"1522",215,656,"blast_c_461_lsl",10
"1523",233,564,"blast_c_461_lsl",11
"1524",263,489,"blast_c_461_lsl",12
"1525",287,523,"blast_c_461_lsl",13
"1526",305,1748,"blast_c_461_lsl",14
"1527",347,-316,"blast_c_461_lsl",15
"1528",371,521,"blast_c_461_lsl",16
"1529",395,466,"blast_c_461_lsl",17
"1530",431,580,"blast_c_461_lsl",18
"1531",455,942,"blast_c_461_lsl",19
"1532",479,-703,"blast_c_461_lsl",20
"1533",521,572,"blast_c_461_lsl",21
"1534",539,483,"blast_c_461_lsl",22
"1535",551,742,"blast_c_461_lsl",23
"1536",563,717,"blast_c_461_lsl",24
"1537",5,559,"blast_c_462_lsl",1
"1538",35,780,"blast_c_462_lsl",2
"1539",59,790,"blast_c_462_lsl",3
"1540",101,848,"blast_c_462_lsl",4
"1541",137,709,"blast_c_462_lsl",5
"1542",161,NA,"blast_c_462_lsl",6
"1543",179,NA,"blast_c_462_lsl",7
"1544",209,700,"blast_c_462_lsl",8
"1545",245,676,"blast_c_462_lsl",9
"1546",257,916,"blast_c_462_lsl",10
"1547",269,879,"blast_c_462_lsl",11
"1548",293,564,"blast_c_462_lsl",12
"1549",317,578,"blast_c_462_lsl",13
"1550",335,804,"blast_c_462_lsl",14
"1551",365,627,"blast_c_462_lsl",15
"1552",407,1309,"blast_c_462_lsl",16
"1553",425,935,"blast_c_462_lsl",17
"1554",443,975,"blast_c_462_lsl",18
"1555",467,663,"blast_c_462_lsl",19
"1556",491,673,"blast_c_462_lsl",20
"1557",509,798,"blast_c_462_lsl",21
"1558",533,623,"blast_c_462_lsl",22
"1559",557,699,"blast_c_462_lsl",23
"1560",575,785,"blast_c_462_lsl",24
"1561",5,985,"blast_c_467_lsl",1
"1562",35,548,"blast_c_467_lsl",2
"1563",59,646,"blast_c_467_lsl",3
"1564",101,553,"blast_c_467_lsl",4
"1565",137,493,"blast_c_467_lsl",5
"1566",161,588,"blast_c_467_lsl",6
"1567",179,469,"blast_c_467_lsl",7
"1568",209,609,"blast_c_467_lsl",8
"1569",245,622,"blast_c_467_lsl",9
"1570",257,611,"blast_c_467_lsl",10
"1571",269,510,"blast_c_467_lsl",11
"1572",293,467,"blast_c_467_lsl",12
"1573",317,589,"blast_c_467_lsl",13
"1574",335,628,"blast_c_467_lsl",14
"1575",365,677,"blast_c_467_lsl",15
"1576",407,711,"blast_c_467_lsl",16
"1577",425,594,"blast_c_467_lsl",17
"1578",443,741,"blast_c_467_lsl",18
"1579",467,492,"blast_c_467_lsl",19
"1580",491,-485,"blast_c_467_lsl",20
"1581",509,NA,"blast_c_467_lsl",21
"1582",533,479,"blast_c_467_lsl",22
"1583",557,671,"blast_c_467_lsl",23
"1584",575,589,"blast_c_467_lsl",24
"1585",5,709,"blast_c_469_lsl",1
"1586",35,817,"blast_c_469_lsl",2
"1587",59,691,"blast_c_469_lsl",3
"1588",101,690,"blast_c_469_lsl",4
"1589",137,175,"blast_c_469_lsl",5
"1590",161,753,"blast_c_469_lsl",6
"1591",179,321,"blast_c_469_lsl",7
"1592",209,710,"blast_c_469_lsl",8
"1593",245,365,"blast_c_469_lsl",9
"1594",257,NA,"blast_c_469_lsl",10
"1595",269,543,"blast_c_469_lsl",11
"1596",293,1119,"blast_c_469_lsl",12
"1597",317,832,"blast_c_469_lsl",13
"1598",335,698,"blast_c_469_lsl",14
"1599",365,984,"blast_c_469_lsl",15
"1600",407,796,"blast_c_469_lsl",16
"1601",425,262,"blast_c_469_lsl",17
"1602",443,-173,"blast_c_469_lsl",18
"1603",467,402,"blast_c_469_lsl",19
"1604",491,NA,"blast_c_469_lsl",20
"1605",509,516,"blast_c_469_lsl",21
"1606",533,687,"blast_c_469_lsl",22
"1607",557,271,"blast_c_469_lsl",23
"1608",575,374,"blast_c_469_lsl",24
"1609",11,632,"blast_c_470_lsl",1
"1610",29,490,"blast_c_470_lsl",2
"1611",41,448,"blast_c_470_lsl",3
"1612",71,804,"blast_c_470_lsl",4
"1613",83,782,"blast_c_470_lsl",5
"1614",119,-534,"blast_c_470_lsl",6
"1615",155,648,"blast_c_470_lsl",7
"1616",185,36,"blast_c_470_lsl",8
"1617",197,404,"blast_c_470_lsl",9
"1618",215,260,"blast_c_470_lsl",10
"1619",233,-54,"blast_c_470_lsl",11
"1620",263,437,"blast_c_470_lsl",12
"1621",287,440,"blast_c_470_lsl",13
"1622",305,1780,"blast_c_470_lsl",14
"1623",347,NA,"blast_c_470_lsl",15
"1624",371,471,"blast_c_470_lsl",16
"1625",395,NA,"blast_c_470_lsl",17
"1626",431,228,"blast_c_470_lsl",18
"1627",455,651,"blast_c_470_lsl",19
"1628",479,589,"blast_c_470_lsl",20
"1629",521,-939,"blast_c_470_lsl",21
"1630",539,199,"blast_c_470_lsl",22
"1631",551,318,"blast_c_470_lsl",23
"1632",563,473,"blast_c_470_lsl",24
"1633",23,508,"blast_c_471_lsl",1
"1634",47,597,"blast_c_471_lsl",2
"1635",65,475,"blast_c_471_lsl",3
"1636",89,302,"blast_c_471_lsl",4
"1637",113,332,"blast_c_471_lsl",5
"1638",125,1125,"blast_c_471_lsl",6
"1639",149,67,"blast_c_471_lsl",7
"1640",167,818,"blast_c_471_lsl",8
"1641",203,77,"blast_c_471_lsl",9
"1642",221,205,"blast_c_471_lsl",10
"1643",239,28,"blast_c_471_lsl",11
"1644",275,76,"blast_c_471_lsl",12
"1645",299,149,"blast_c_471_lsl",13
"1646",323,NA,"blast_c_471_lsl",14
"1647",341,155,"blast_c_471_lsl",15
"1648",353,163,"blast_c_471_lsl",16
"1649",383,115,"blast_c_471_lsl",17
"1650",401,325,"blast_c_471_lsl",18
"1651",419,117,"blast_c_471_lsl",19
"1652",449,180,"blast_c_471_lsl",20
"1653",461,635,"blast_c_471_lsl",21
"1654",497,108,"blast_c_471_lsl",22
"1655",515,293,"blast_c_471_lsl",23
"1656",545,173,"blast_c_471_lsl",24
"1657",17,415,"blast_c_475_lsl",1
"1658",53,637,"blast_c_475_lsl",2
"1659",77,462,"blast_c_475_lsl",3
"1660",95,600,"blast_c_475_lsl",4
"1661",107,605,"blast_c_475_lsl",5
"1662",131,472,"blast_c_475_lsl",6
"1663",143,474,"blast_c_475_lsl",7
"1664",173,759,"blast_c_475_lsl",8
"1665",191,772,"blast_c_475_lsl",9
"1666",227,794,"blast_c_475_lsl",10
"1667",251,748,"blast_c_475_lsl",11
"1668",281,-878,"blast_c_475_lsl",12
"1669",311,-138,"blast_c_475_lsl",13
"1670",329,971,"blast_c_475_lsl",14
"1671",359,602,"blast_c_475_lsl",15
"1672",377,444,"blast_c_475_lsl",16
"1673",389,638,"blast_c_475_lsl",17
"1674",413,1052,"blast_c_475_lsl",18
"1675",437,468,"blast_c_475_lsl",19
"1676",473,438,"blast_c_475_lsl",20
"1677",485,NA,"blast_c_475_lsl",21
"1678",503,637,"blast_c_475_lsl",22
"1679",527,463,"blast_c_475_lsl",23
"1680",569,1035,"blast_c_475_lsl",24
"1681",23,546,"blast_c_476_lsl",1
"1682",47,710,"blast_c_476_lsl",2
"1683",65,494,"blast_c_476_lsl",3
"1684",89,380,"blast_c_476_lsl",4
"1685",113,594,"blast_c_476_lsl",5
"1686",125,865,"blast_c_476_lsl",6
"1687",149,-413,"blast_c_476_lsl",7
"1688",167,256,"blast_c_476_lsl",8
"1689",203,441,"blast_c_476_lsl",9
"1690",221,484,"blast_c_476_lsl",10
"1691",239,347,"blast_c_476_lsl",11
"1692",275,294,"blast_c_476_lsl",12
"1693",299,163,"blast_c_476_lsl",13
"1694",323,418,"blast_c_476_lsl",14
"1695",341,273,"blast_c_476_lsl",15
"1696",353,230,"blast_c_476_lsl",16
"1697",383,491,"blast_c_476_lsl",17
"1698",401,469,"blast_c_476_lsl",18
"1699",419,385,"blast_c_476_lsl",19
"1700",449,397,"blast_c_476_lsl",20
"1701",461,550,"blast_c_476_lsl",21
"1702",497,482,"blast_c_476_lsl",22
"1703",515,417,"blast_c_476_lsl",23
"1704",545,196,"blast_c_476_lsl",24
"1705",17,705,"blast_c_478_lsl",1
"1706",53,-930,"blast_c_478_lsl",2
"1707",77,881,"blast_c_478_lsl",3
"1708",95,438,"blast_c_478_lsl",4
"1709",107,571,"blast_c_478_lsl",5
"1710",131,461,"blast_c_478_lsl",6
"1711",143,483,"blast_c_478_lsl",7
"1712",173,518,"blast_c_478_lsl",8
"1713",191,757,"blast_c_478_lsl",9
"1714",227,410,"blast_c_478_lsl",10
"1715",251,452,"blast_c_478_lsl",11
"1716",281,NA,"blast_c_478_lsl",12
"1717",311,246,"blast_c_478_lsl",13
"1718",329,392,"blast_c_478_lsl",14
"1719",359,220,"blast_c_478_lsl",15
"1720",377,404,"blast_c_478_lsl",16
"1721",389,389,"blast_c_478_lsl",17
"1722",413,106,"blast_c_478_lsl",18
"1723",437,-771,"blast_c_478_lsl",19
"1724",473,226,"blast_c_478_lsl",20
"1725",485,545,"blast_c_478_lsl",21
"1726",503,658,"blast_c_478_lsl",22
"1727",527,301,"blast_c_478_lsl",23
"1728",569,641,"blast_c_478_lsl",24
"1729",17,410,"blast_c_479_lsl",1
"1730",53,523,"blast_c_479_lsl",2
"1731",77,555,"blast_c_479_lsl",3
"1732",95,464,"blast_c_479_lsl",4
"1733",107,632,"blast_c_479_lsl",5
"1734",131,565,"blast_c_479_lsl",6
"1735",143,921,"blast_c_479_lsl",7
"1736",173,395,"blast_c_479_lsl",8
"1737",191,-394,"blast_c_479_lsl",9
"1738",227,98,"blast_c_479_lsl",10
"1739",251,334,"blast_c_479_lsl",11
"1740",281,174,"blast_c_479_lsl",12
"1741",311,-442,"blast_c_479_lsl",13
"1742",329,178,"blast_c_479_lsl",14
"1743",359,423,"blast_c_479_lsl",15
"1744",377,338,"blast_c_479_lsl",16
"1745",389,694,"blast_c_479_lsl",17
"1746",413,318,"blast_c_479_lsl",18
"1747",437,433,"blast_c_479_lsl",19
"1748",473,161,"blast_c_479_lsl",20
"1749",485,446,"blast_c_479_lsl",21
"1750",503,NA,"blast_c_479_lsl",22
"1751",527,199,"blast_c_479_lsl",23
"1752",569,226,"blast_c_479_lsl",24
"1753",17,591,"blast_c_481_lsl",1
"1754",53,660,"blast_c_481_lsl",2
"1755",77,574,"blast_c_481_lsl",3
"1756",95,492,"blast_c_481_lsl",4
"1757",107,764,"blast_c_481_lsl",5
"1758",131,577,"blast_c_481_lsl",6
"1759",143,538,"blast_c_481_lsl",7
"1760",173,522,"blast_c_481_lsl",8
"1761",191,747,"blast_c_481_lsl",9
"1762",227,565,"blast_c_481_lsl",10
"1763",251,564,"blast_c_481_lsl",11
"1764",281,626,"blast_c_481_lsl",12
"1765",311,540,"blast_c_481_lsl",13
"1766",329,257,"blast_c_481_lsl",14
"1767",359,619,"blast_c_481_lsl",15
"1768",377,880,"blast_c_481_lsl",16
"1769",389,946,"blast_c_481_lsl",17
"1770",413,683,"blast_c_481_lsl",18
"1771",437,97,"blast_c_481_lsl",19
"1772",473,406,"blast_c_481_lsl",20
"1773",485,-286,"blast_c_481_lsl",21
"1774",503,332,"blast_c_481_lsl",22
"1775",527,348,"blast_c_481_lsl",23
"1776",569,352,"blast_c_481_lsl",24
"1777",23,776,"blast_c_483_lsl",1
"1778",47,550,"blast_c_483_lsl",2
"1779",65,759,"blast_c_483_lsl",3
"1780",89,-85,"blast_c_483_lsl",4
"1781",113,-119,"blast_c_483_lsl",5
"1782",125,NA,"blast_c_483_lsl",6
"1783",149,578,"blast_c_483_lsl",7
"1784",167,437,"blast_c_483_lsl",8
"1785",203,537,"blast_c_483_lsl",9
"1786",221,854,"blast_c_483_lsl",10
"1787",239,853,"blast_c_483_lsl",11
"1788",275,386,"blast_c_483_lsl",12
"1789",299,191,"blast_c_483_lsl",13
"1790",323,515,"blast_c_483_lsl",14
"1791",341,409,"blast_c_483_lsl",15
"1792",353,584,"blast_c_483_lsl",16
"1793",383,478,"blast_c_483_lsl",17
"1794",401,336,"blast_c_483_lsl",18
"1795",419,84,"blast_c_483_lsl",19
"1796",449,449,"blast_c_483_lsl",20
"1797",461,486,"blast_c_483_lsl",21
"1798",497,190,"blast_c_483_lsl",22
"1799",515,265,"blast_c_483_lsl",23
"1800",545,430,"blast_c_483_lsl",24
"1801",11,467,"blast_c_484_lsl",1
"1802",29,525,"blast_c_484_lsl",2
"1803",41,295,"blast_c_484_lsl",3
"1804",71,312,"blast_c_484_lsl",4
"1805",83,NA,"blast_c_484_lsl",5
"1806",119,531,"blast_c_484_lsl",6
"1807",155,148,"blast_c_484_lsl",7
"1808",185,224,"blast_c_484_lsl",8
"1809",197,226,"blast_c_484_lsl",9
"1810",215,164,"blast_c_484_lsl",10
"1811",233,255,"blast_c_484_lsl",11
"1812",263,160,"blast_c_484_lsl",12
"1813",287,239,"blast_c_484_lsl",13
"1814",305,117,"blast_c_484_lsl",14
"1815",347,154,"blast_c_484_lsl",15
"1816",371,690,"blast_c_484_lsl",16
"1817",395,298,"blast_c_484_lsl",17
"1818",431,331,"blast_c_484_lsl",18
"1819",455,551,"blast_c_484_lsl",19
"1820",479,195,"blast_c_484_lsl",20
"1821",521,295,"blast_c_484_lsl",21
"1822",539,162,"blast_c_484_lsl",22
"1823",551,121,"blast_c_484_lsl",23
"1824",563,703,"blast_c_484_lsl",24
"1825",17,721,"blast_c_485_lsl",1
"1826",53,749,"blast_c_485_lsl",2
"1827",77,950,"blast_c_485_lsl",3
"1828",95,NA,"blast_c_485_lsl",4
"1829",107,932,"blast_c_485_lsl",5
"1830",131,661,"blast_c_485_lsl",6
"1831",143,775,"blast_c_485_lsl",7
"1832",173,691,"blast_c_485_lsl",8
"1833",191,619,"blast_c_485_lsl",9
"1834",227,569,"blast_c_485_lsl",10
"1835",251,848,"blast_c_485_lsl",11
"1836",281,994,"blast_c_485_lsl",12
"1837",311,219,"blast_c_485_lsl",13
"1838",329,778,"blast_c_485_lsl",14
"1839",359,300,"blast_c_485_lsl",15
"1840",377,200,"blast_c_485_lsl",16
"1841",389,NA,"blast_c_485_lsl",17
"1842",413,-298,"blast_c_485_lsl",18
"1843",437,472,"blast_c_485_lsl",19
"1844",473,NA,"blast_c_485_lsl",20
"1845",485,NA,"blast_c_485_lsl",21
"1846",503,-210,"blast_c_485_lsl",22
"1847",527,137,"blast_c_485_lsl",23
"1848",569,199,"blast_c_485_lsl",24
"1849",23,617,"blast_c_487_lsl",1
"1850",47,679,"blast_c_487_lsl",2
"1851",65,613,"blast_c_487_lsl",3
"1852",89,836,"blast_c_487_lsl",4
"1853",113,533,"blast_c_487_lsl",5
"1854",125,895,"blast_c_487_lsl",6
"1855",149,585,"blast_c_487_lsl",7
"1856",167,1286,"blast_c_487_lsl",8
"1857",203,453,"blast_c_487_lsl",9
"1858",221,621,"blast_c_487_lsl",10
"1859",239,801,"blast_c_487_lsl",11
"1860",275,790,"blast_c_487_lsl",12
"1861",299,922,"blast_c_487_lsl",13
"1862",323,1518,"blast_c_487_lsl",14
"1863",341,1057,"blast_c_487_lsl",15
"1864",353,677,"blast_c_487_lsl",16
"1865",383,671,"blast_c_487_lsl",17
"1866",401,688,"blast_c_487_lsl",18
"1867",419,1043,"blast_c_487_lsl",19
"1868",449,NA,"blast_c_487_lsl",20
"1869",461,706,"blast_c_487_lsl",21
"1870",497,780,"blast_c_487_lsl",22
"1871",515,NA,"blast_c_487_lsl",23
"1872",545,NA,"blast_c_487_lsl",24
"1873",23,697,"blast_c_488_lsl",1
"1874",47,527,"blast_c_488_lsl",2
"1875",65,645,"blast_c_488_lsl",3
"1876",89,416,"blast_c_488_lsl",4
"1877",113,425,"blast_c_488_lsl",5
"1878",125,611,"blast_c_488_lsl",6
"1879",149,445,"blast_c_488_lsl",7
"1880",167,884,"blast_c_488_lsl",8
"1881",203,342,"blast_c_488_lsl",9
"1882",221,-870,"blast_c_488_lsl",10
"1883",239,-639,"blast_c_488_lsl",11
"1884",275,773,"blast_c_488_lsl",12
"1885",299,523,"blast_c_488_lsl",13
"1886",323,335,"blast_c_488_lsl",14
"1887",341,464,"blast_c_488_lsl",15
"1888",353,695,"blast_c_488_lsl",16
"1889",383,356,"blast_c_488_lsl",17
"1890",401,365,"blast_c_488_lsl",18
"1891",419,817,"blast_c_488_lsl",19
"1892",449,609,"blast_c_488_lsl",20
"1893",461,678,"blast_c_488_lsl",21
"1894",497,401,"blast_c_488_lsl",22
"1895",515,707,"blast_c_488_lsl",23
"1896",545,406,"blast_c_488_lsl",24
"1897",11,583,"blast_c_491_lsl",1
"1898",29,587,"blast_c_491_lsl",2
"1899",41,596,"blast_c_491_lsl",3
"1900",71,437,"blast_c_491_lsl",4
"1901",83,632,"blast_c_491_lsl",5
"1902",119,395,"blast_c_491_lsl",6
"1903",155,469,"blast_c_491_lsl",7
"1904",185,736,"blast_c_491_lsl",8
"1905",197,975,"blast_c_491_lsl",9
"1906",215,750,"blast_c_491_lsl",10
"1907",233,536,"blast_c_491_lsl",11
"1908",263,704,"blast_c_491_lsl",12
"1909",287,797,"blast_c_491_lsl",13
"1910",305,903,"blast_c_491_lsl",14
"1911",347,752,"blast_c_491_lsl",15
"1912",371,986,"blast_c_491_lsl",16
"1913",395,872,"blast_c_491_lsl",17
"1914",431,-521,"blast_c_491_lsl",18
"1915",455,117,"blast_c_491_lsl",19
"1916",479,-475,"blast_c_491_lsl",20
"1917",521,-368,"blast_c_491_lsl",21
"1918",539,-313,"blast_c_491_lsl",22
"1919",551,NA,"blast_c_491_lsl",23
"1920",563,61,"blast_c_491_lsl",24
"1921",11,512,"blast_c_493_lsl",1
"1922",29,427,"blast_c_493_lsl",2
"1923",41,626,"blast_c_493_lsl",3
"1924",71,638,"blast_c_493_lsl",4
"1925",83,361,"blast_c_493_lsl",5
"1926",119,554,"blast_c_493_lsl",6
"1927",155,399,"blast_c_493_lsl",7
"1928",185,621,"blast_c_493_lsl",8
"1929",197,420,"blast_c_493_lsl",9
"1930",215,416,"blast_c_493_lsl",10
"1931",233,533,"blast_c_493_lsl",11
"1932",263,838,"blast_c_493_lsl",12
"1933",287,525,"blast_c_493_lsl",13
"1934",305,376,"blast_c_493_lsl",14
"1935",347,1216,"blast_c_493_lsl",15
"1936",371,437,"blast_c_493_lsl",16
"1937",395,570,"blast_c_493_lsl",17
"1938",431,359,"blast_c_493_lsl",18
"1939",455,610,"blast_c_493_lsl",19
"1940",479,528,"blast_c_493_lsl",20
"1941",521,479,"blast_c_493_lsl",21
"1942",539,637,"blast_c_493_lsl",22
"1943",551,571,"blast_c_493_lsl",23
"1944",563,480,"blast_c_493_lsl",24
"1945",17,NA,"blast_c_497_lsl",1
"1946",53,393,"blast_c_497_lsl",2
"1947",77,452,"blast_c_497_lsl",3
"1948",95,693,"blast_c_497_lsl",4
"1949",107,451,"blast_c_497_lsl",5
"1950",131,821,"blast_c_497_lsl",6
"1951",143,445,"blast_c_497_lsl",7
"1952",173,636,"blast_c_497_lsl",8
"1953",191,536,"blast_c_497_lsl",9
"1954",227,565,"blast_c_497_lsl",10
"1955",251,520,"blast_c_497_lsl",11
"1956",281,445,"blast_c_497_lsl",12
"1957",311,408,"blast_c_497_lsl",13
"1958",329,707,"blast_c_497_lsl",14
"1959",359,370,"blast_c_497_lsl",15
"1960",377,819,"blast_c_497_lsl",16
"1961",389,415,"blast_c_497_lsl",17
"1962",413,NA,"blast_c_497_lsl",18
"1963",437,727,"blast_c_497_lsl",19
"1964",473,493,"blast_c_497_lsl",20
"1965",485,1298,"blast_c_497_lsl",21
"1966",503,531,"blast_c_497_lsl",22
"1967",527,551,"blast_c_497_lsl",23
"1968",569,785,"blast_c_497_lsl",24
"1969",11,583,"blast_c_498_lsl",1
"1970",29,516,"blast_c_498_lsl",2
"1971",41,680,"blast_c_498_lsl",3
"1972",71,141,"blast_c_498_lsl",4
"1973",83,NA,"blast_c_498_lsl",5
"1974",119,-433,"blast_c_498_lsl",6
"1975",155,503,"blast_c_498_lsl",7
"1976",185,620,"blast_c_498_lsl",8
"1977",197,271,"blast_c_498_lsl",9
"1978",215,376,"blast_c_498_lsl",10
"1979",233,392,"blast_c_498_lsl",11
"1980",263,277,"blast_c_498_lsl",12
"1981",287,435,"blast_c_498_lsl",13
"1982",305,775,"blast_c_498_lsl",14
"1983",347,1015,"blast_c_498_lsl",15
"1984",371,530,"blast_c_498_lsl",16
"1985",395,351,"blast_c_498_lsl",17
"1986",431,665,"blast_c_498_lsl",18
"1987",455,275,"blast_c_498_lsl",19
"1988",479,411,"blast_c_498_lsl",20
"1989",521,648,"blast_c_498_lsl",21
"1990",539,393,"blast_c_498_lsl",22
"1991",551,NA,"blast_c_498_lsl",23
"1992",563,361,"blast_c_498_lsl",24
"1993",23,412,"blast_c_499_lsl",1
"1994",47,352,"blast_c_499_lsl",2
"1995",65,404,"blast_c_499_lsl",3
"1996",89,179,"blast_c_499_lsl",4
"1997",113,-744,"blast_c_499_lsl",5
"1998",125,262,"blast_c_499_lsl",6
"1999",149,549,"blast_c_499_lsl",7
"2000",167,558,"blast_c_499_lsl",8
"2001",203,252,"blast_c_499_lsl",9
"2002",221,294,"blast_c_499_lsl",10
"2003",239,235,"blast_c_499_lsl",11
"2004",275,282,"blast_c_499_lsl",12
"2005",299,541,"blast_c_499_lsl",13
"2006",323,255,"blast_c_499_lsl",14
"2007",341,229,"blast_c_499_lsl",15
"2008",353,NA,"blast_c_499_lsl",16
"2009",383,315,"blast_c_499_lsl",17
"2010",401,265,"blast_c_499_lsl",18
"2011",419,226,"blast_c_499_lsl",19
"2012",449,204,"blast_c_499_lsl",20
"2013",461,226,"blast_c_499_lsl",21
"2014",497,269,"blast_c_499_lsl",22
"2015",515,266,"blast_c_499_lsl",23
"2016",545,395,"blast_c_499_lsl",24
"2017",23,590,"blast_c_503_lsl",1
"2018",47,1089,"blast_c_503_lsl",2
"2019",65,NA,"blast_c_503_lsl",3
"2020",89,592,"blast_c_503_lsl",4
"2021",113,562,"blast_c_503_lsl",5
"2022",125,NA,"blast_c_503_lsl",6
"2023",149,595,"blast_c_503_lsl",7
"2024",167,906,"blast_c_503_lsl",8
"2025",203,643,"blast_c_503_lsl",9
"2026",221,1487,"blast_c_503_lsl",10
"2027",239,551,"blast_c_503_lsl",11
"2028",275,847,"blast_c_503_lsl",12
"2029",299,555,"blast_c_503_lsl",13
"2030",323,NA,"blast_c_503_lsl",14
"2031",341,1163,"blast_c_503_lsl",15
"2032",353,1356,"blast_c_503_lsl",16
"2033",383,728,"blast_c_503_lsl",17
"2034",401,NA,"blast_c_503_lsl",18
"2035",419,782,"blast_c_503_lsl",19
"2036",449,1328,"blast_c_503_lsl",20
"2037",461,898,"blast_c_503_lsl",21
"2038",497,724,"blast_c_503_lsl",22
"2039",515,NA,"blast_c_503_lsl",23
"2040",545,586,"blast_c_503_lsl",24
"2041",5,568,"blast_c_512_lsl",1
"2042",35,446,"blast_c_512_lsl",2
"2043",59,353,"blast_c_512_lsl",3
"2044",101,52,"blast_c_512_lsl",4
"2045",137,132,"blast_c_512_lsl",5
"2046",161,114,"blast_c_512_lsl",6
"2047",179,577,"blast_c_512_lsl",7
"2048",209,-305,"blast_c_512_lsl",8
"2049",245,478,"blast_c_512_lsl",9
"2050",257,325,"blast_c_512_lsl",10
"2051",269,323,"blast_c_512_lsl",11
"2052",293,250,"blast_c_512_lsl",12
"2053",317,333,"blast_c_512_lsl",13
"2054",335,459,"blast_c_512_lsl",14
"2055",365,414,"blast_c_512_lsl",15
"2056",407,506,"blast_c_512_lsl",16
"2057",425,-39,"blast_c_512_lsl",17
"2058",443,510,"blast_c_512_lsl",18
"2059",467,284,"blast_c_512_lsl",19
"2060",491,381,"blast_c_512_lsl",20
"2061",509,118,"blast_c_512_lsl",21
"2062",533,557,"blast_c_512_lsl",22
"2063",557,271,"blast_c_512_lsl",23
"2064",575,447,"blast_c_512_lsl",24
"2065",5,NA,"blast_c_520_lsl",1
"2066",35,459,"blast_c_520_lsl",2
"2067",59,1162,"blast_c_520_lsl",3
"2068",101,54,"blast_c_520_lsl",4
"2069",137,364,"blast_c_520_lsl",5
"2070",161,556,"blast_c_520_lsl",6
"2071",179,-19,"blast_c_520_lsl",7
"2072",209,-57,"blast_c_520_lsl",8
"2073",245,75,"blast_c_520_lsl",9
"2074",257,461,"blast_c_520_lsl",10
"2075",269,64,"blast_c_520_lsl",11
"2076",293,-348,"blast_c_520_lsl",12
"2077",317,656,"blast_c_520_lsl",13
"2078",335,473,"blast_c_520_lsl",14
"2079",365,330,"blast_c_520_lsl",15
"2080",407,201,"blast_c_520_lsl",16
"2081",425,-328,"blast_c_520_lsl",17
"2082",443,-237,"blast_c_520_lsl",18
"2083",467,NA,"blast_c_520_lsl",19
"2084",491,333,"blast_c_520_lsl",20
"2085",509,809,"blast_c_520_lsl",21
"2086",533,NA,"blast_c_520_lsl",22
"2087",557,34,"blast_c_520_lsl",23
"2088",575,NA,"blast_c_520_lsl",24
"2089",23,NA,"blast_c_522_lsl",1
"2090",47,NA,"blast_c_522_lsl",2
"2091",65,872,"blast_c_522_lsl",3
"2092",89,NA,"blast_c_522_lsl",4
"2093",113,1350,"blast_c_522_lsl",5
"2094",125,NA,"blast_c_522_lsl",6
"2095",149,NA,"blast_c_522_lsl",7
"2096",167,NA,"blast_c_522_lsl",8
"2097",203,NA,"blast_c_522_lsl",9
"2098",221,NA,"blast_c_522_lsl",10
"2099",239,NA,"blast_c_522_lsl",11
"2100",275,NA,"blast_c_522_lsl",12
"2101",299,NA,"blast_c_522_lsl",13
"2102",323,NA,"blast_c_522_lsl",14
"2103",341,NA,"blast_c_522_lsl",15
"2104",353,NA,"blast_c_522_lsl",16
"2105",383,-942,"blast_c_522_lsl",17
"2106",401,NA,"blast_c_522_lsl",18
"2107",419,NA,"blast_c_522_lsl",19
"2108",449,NA,"blast_c_522_lsl",20
"2109",461,NA,"blast_c_522_lsl",21
"2110",497,204,"blast_c_522_lsl",22
"2111",515,NA,"blast_c_522_lsl",23
"2112",545,NA,"blast_c_522_lsl",24
"2113",5,808,"blast_c_540_lsl",1
"2114",35,757,"blast_c_540_lsl",2
"2115",59,907,"blast_c_540_lsl",3
"2116",101,863,"blast_c_540_lsl",4
"2117",137,1005,"blast_c_540_lsl",5
"2118",161,NA,"blast_c_540_lsl",6
"2119",179,NA,"blast_c_540_lsl",7
"2120",209,1456,"blast_c_540_lsl",8
"2121",245,NA,"blast_c_540_lsl",9
"2122",257,910,"blast_c_540_lsl",10
"2123",269,NA,"blast_c_540_lsl",11
"2124",293,1363,"blast_c_540_lsl",12
"2125",317,1155,"blast_c_540_lsl",13
"2126",335,1165,"blast_c_540_lsl",14
"2127",365,1257,"blast_c_540_lsl",15
"2128",407,1169,"blast_c_540_lsl",16
"2129",425,1921,"blast_c_540_lsl",17
"2130",443,1360,"blast_c_540_lsl",18
"2131",467,1467,"blast_c_540_lsl",19
"2132",491,1907,"blast_c_540_lsl",20
"2133",509,-594,"blast_c_540_lsl",21
"2134",533,1308,"blast_c_540_lsl",22
"2135",557,NA,"blast_c_540_lsl",23
"2136",575,NA,"blast_c_540_lsl",24
"2137",17,529,"blast_c_549_lsl",1
"2138",53,1168,"blast_c_549_lsl",2
"2139",77,718,"blast_c_549_lsl",3
"2140",95,578,"blast_c_549_lsl",4
"2141",107,546,"blast_c_549_lsl",5
"2142",131,NA,"blast_c_549_lsl",6
"2143",143,1266,"blast_c_549_lsl",7
"2144",173,532,"blast_c_549_lsl",8
"2145",191,-205,"blast_c_549_lsl",9
"2146",227,1078,"blast_c_549_lsl",10
"2147",251,362,"blast_c_549_lsl",11
"2148",281,120,"blast_c_549_lsl",12
"2149",311,-450,"blast_c_549_lsl",13
"2150",329,342,"blast_c_549_lsl",14
"2151",359,-387,"blast_c_549_lsl",15
"2152",377,614,"blast_c_549_lsl",16
"2153",389,527,"blast_c_549_lsl",17
"2154",413,499,"blast_c_549_lsl",18
"2155",437,361,"blast_c_549_lsl",19
"2156",473,294,"blast_c_549_lsl",20
"2157",485,369,"blast_c_549_lsl",21
"2158",503,NA,"blast_c_549_lsl",22
"2159",527,NA,"blast_c_549_lsl",23
"2160",569,NA,"blast_c_549_lsl",24
"2161",11,440,"blast_c_554__lsl",1
"2162",29,455,"blast_c_554__lsl",2
"2163",41,546,"blast_c_554__lsl",3
"2164",71,494,"blast_c_554__lsl",4
"2165",83,602,"blast_c_554__lsl",5
"2166",119,1064,"blast_c_554__lsl",6
"2167",155,NA,"blast_c_554__lsl",7
"2168",185,NA,"blast_c_554__lsl",8
"2169",197,686,"blast_c_554__lsl",9
"2170",215,619,"blast_c_554__lsl",10
"2171",233,383,"blast_c_554__lsl",11
"2172",263,264,"blast_c_554__lsl",12
"2173",287,528,"blast_c_554__lsl",13
"2174",305,622,"blast_c_554__lsl",14
"2175",347,727,"blast_c_554__lsl",15
"2176",371,1299,"blast_c_554__lsl",16
"2177",395,665,"blast_c_554__lsl",17
"2178",431,796,"blast_c_554__lsl",18
"2179",455,687,"blast_c_554__lsl",19
"2180",479,512,"blast_c_554__lsl",20
"2181",521,527,"blast_c_554__lsl",21
"2182",539,448,"blast_c_554__lsl",22
"2183",551,502,"blast_c_554__lsl",23
"2184",563,NA,"blast_c_554__lsl",24
"2185",11,440,"blast_c_554_lsl",1
"2186",29,455,"blast_c_554_lsl",2
"2187",41,546,"blast_c_554_lsl",3
"2188",71,494,"blast_c_554_lsl",4
"2189",83,602,"blast_c_554_lsl",5
"2190",119,1064,"blast_c_554_lsl",6
"2191",155,NA,"blast_c_554_lsl",7
"2192",185,NA,"blast_c_554_lsl",8
"2193",197,686,"blast_c_554_lsl",9
"2194",215,619,"blast_c_554_lsl",10
"2195",233,383,"blast_c_554_lsl",11
"2196",263,264,"blast_c_554_lsl",12
"2197",287,528,"blast_c_554_lsl",13
"2198",305,622,"blast_c_554_lsl",14
"2199",347,727,"blast_c_554_lsl",15
"2200",371,1299,"blast_c_554_lsl",16
"2201",395,665,"blast_c_554_lsl",17
"2202",431,796,"blast_c_554_lsl",18
"2203",455,687,"blast_c_554_lsl",19
"2204",479,512,"blast_c_554_lsl",20
"2205",521,527,"blast_c_554_lsl",21
"2206",539,448,"blast_c_554_lsl",22
"2207",551,502,"blast_c_554_lsl",23
"2208",563,NA,"blast_c_554_lsl",24
"2209",5,492,"blast_c_555__lsl",1
"2210",35,601,"blast_c_555__lsl",2
"2211",59,598,"blast_c_555__lsl",3
"2212",101,608,"blast_c_555__lsl",4
"2213",137,782,"blast_c_555__lsl",5
"2214",161,-375,"blast_c_555__lsl",6
"2215",179,NA,"blast_c_555__lsl",7
"2216",209,660,"blast_c_555__lsl",8
"2217",245,-455,"blast_c_555__lsl",9
"2218",257,1006,"blast_c_555__lsl",10
"2219",269,605,"blast_c_555__lsl",11
"2220",293,301,"blast_c_555__lsl",12
"2221",317,385,"blast_c_555__lsl",13
"2222",335,512,"blast_c_555__lsl",14
"2223",365,332,"blast_c_555__lsl",15
"2224",407,277,"blast_c_555__lsl",16
"2225",425,336,"blast_c_555__lsl",17
"2226",443,456,"blast_c_555__lsl",18
"2227",467,434,"blast_c_555__lsl",19
"2228",491,537,"blast_c_555__lsl",20
"2229",509,918,"blast_c_555__lsl",21
"2230",533,-24,"blast_c_555__lsl",22
"2231",557,367,"blast_c_555__lsl",23
"2232",575,423,"blast_c_555__lsl",24
"2233",5,492,"blast_c_555_lsl",1
"2234",35,601,"blast_c_555_lsl",2
"2235",59,598,"blast_c_555_lsl",3
"2236",101,608,"blast_c_555_lsl",4
"2237",137,782,"blast_c_555_lsl",5
"2238",161,-375,"blast_c_555_lsl",6
"2239",179,NA,"blast_c_555_lsl",7
"2240",209,660,"blast_c_555_lsl",8
"2241",245,-455,"blast_c_555_lsl",9
"2242",257,1006,"blast_c_555_lsl",10
"2243",269,605,"blast_c_555_lsl",11
"2244",293,301,"blast_c_555_lsl",12
"2245",317,385,"blast_c_555_lsl",13
"2246",335,512,"blast_c_555_lsl",14
"2247",365,332,"blast_c_555_lsl",15
"2248",407,277,"blast_c_555_lsl",16
"2249",425,336,"blast_c_555_lsl",17
"2250",443,456,"blast_c_555_lsl",18
"2251",467,434,"blast_c_555_lsl",19
"2252",491,537,"blast_c_555_lsl",20
"2253",509,918,"blast_c_555_lsl",21
"2254",533,-24,"blast_c_555_lsl",22
"2255",557,367,"blast_c_555_lsl",23
"2256",575,423,"blast_c_555_lsl",24
