"","ans","subj","key","trial_order","corr"
"1","1","blast_c_002",1,1,1
"2","2","blast_c_002",1,2,0
"3","2","blast_c_002",2,3,1
"4","2","blast_c_002",1,4,0
"5","2","blast_c_002",1,5,0
"6","1","blast_c_002",1,6,1
"7","2","blast_c_002",2,7,1
"8","2","blast_c_002",2,8,1
"9","2","blast_c_002",2,9,1
"10","1","blast_c_002",2,10,0
"11","2","blast_c_002",1,11,0
"12","2","blast_c_002",1,12,0
"13","2","blast_c_002",1,13,0
"14","2","blast_c_002",2,14,1
"15","1","blast_c_002",2,15,0
"16","1","blast_c_002",1,16,1
"17","2","blast_c_002",2,17,1
"18","1","blast_c_002",2,18,0
"19","2","blast_c_002",1,19,0
"20","2","blast_c_002",1,20,0
"21","1","blast_c_002",2,21,0
"22","2","blast_c_002",1,22,0
"23","2","blast_c_002",2,23,1
"24","2","blast_c_002",1,24,0
"25","1","blast_c_002",2,25,0
"26","1","blast_c_002",1,26,1
"27","2","blast_c_002",2,27,1
"28","2","blast_c_002",1,28,0
"29","2","blast_c_002",1,29,0
"30","1","blast_c_002",2,30,0
"31","2","blast_c_002",2,31,1
"32","1","blast_c_002",2,32,0
"33","1","blast_c_019",1,1,1
"34","1","blast_c_019",1,2,1
"35","1","blast_c_019",2,3,0
"36","2","blast_c_019",1,4,0
"37","1","blast_c_019",1,5,1
"38","1","blast_c_019",1,6,1
"39","2","blast_c_019",2,7,1
"40","1","blast_c_019",2,8,0
"41","1","blast_c_019",2,9,0
"42","2","blast_c_019",2,10,1
"43","1","blast_c_019",1,11,1
"44","1","blast_c_019",1,12,1
"45","2","blast_c_019",1,13,0
"46","1","blast_c_019",2,14,0
"47","1","blast_c_019",2,15,0
"48","1","blast_c_019",1,16,1
"49","2","blast_c_019",2,17,1
"50","1","blast_c_019",2,18,0
"51","1","blast_c_019",1,19,1
"52","2","blast_c_019",1,20,0
"53","1","blast_c_019",2,21,0
"54","1","blast_c_019",1,22,1
"55","2","blast_c_019",2,23,1
"56","1","blast_c_019",1,24,1
"57","1","blast_c_019",2,25,0
"58","2","blast_c_019",1,26,0
"59","1","blast_c_019",2,27,0
"60","1","blast_c_019",1,28,1
"61","1","blast_c_019",1,29,1
"62","1","blast_c_019",2,30,0
"63","1","blast_c_019",2,31,0
"64","2","blast_c_019",2,32,1
"65","2","blast_c_028",1,1,0
"66","1","blast_c_028",1,2,1
"67","1","blast_c_028",2,3,0
"68","1","blast_c_028",1,4,1
"69","2","blast_c_028",1,5,0
"70","1","blast_c_028",1,6,1
"71","2","blast_c_028",2,7,1
"72","1","blast_c_028",2,8,0
"73","1","blast_c_028",2,9,0
"74","2","blast_c_028",2,10,1
"75","1","blast_c_028",1,11,1
"76","2","blast_c_028",1,12,0
"77","1","blast_c_028",1,13,1
"78","2","blast_c_028",2,14,1
"79","2","blast_c_028",2,15,1
"80","2","blast_c_028",1,16,0
"81","1","blast_c_028",2,17,0
"82","2","blast_c_028",2,18,1
"83","1","blast_c_028",1,19,1
"84","1","blast_c_028",1,20,1
"85","1","blast_c_028",2,21,0
"86","2","blast_c_028",1,22,0
"87","2","blast_c_028",2,23,1
"88","2","blast_c_028",1,24,0
"89","1","blast_c_028",2,25,0
"90","1","blast_c_028",1,26,1
"91","2","blast_c_028",2,27,1
"92","1","blast_c_028",1,28,1
"93","1","blast_c_028",1,29,1
"94","1","blast_c_028",2,30,0
"95","1","blast_c_028",2,31,0
"96","1","blast_c_028",2,32,0
"97","1","blast_c_034",1,1,1
"98","1","blast_c_034",1,2,1
"99","2","blast_c_034",2,3,1
"100","1","blast_c_034",1,4,1
"101","2","blast_c_034",1,5,0
"102","1","blast_c_034",1,6,1
"103","1","blast_c_034",2,7,0
"104","2","blast_c_034",2,8,1
"105","1","blast_c_034",2,9,0
"106","2","blast_c_034",2,10,1
"107","2","blast_c_034",1,11,0
"108","1","blast_c_034",1,12,1
"109","1","blast_c_034",1,13,1
"110","1","blast_c_034",2,14,0
"111","2","blast_c_034",2,15,1
"112","2","blast_c_034",1,16,0
"113","1","blast_c_034",2,17,0
"114","2","blast_c_034",2,18,1
"115","2","blast_c_034",1,19,0
"116","2","blast_c_034",1,20,0
"117","1","blast_c_034",2,21,0
"118","2","blast_c_034",1,22,0
"119","1","blast_c_034",2,23,0
"120","2","blast_c_034",1,24,0
"121","1","blast_c_034",2,25,0
"122","1","blast_c_034",1,26,1
"123","1","blast_c_034",2,27,0
"124","2","blast_c_034",1,28,0
"125","2","blast_c_034",1,29,0
"126","1","blast_c_034",2,30,0
"127","2","blast_c_034",2,31,1
"128","1","blast_c_034",2,32,0
"129","1","blast_c_036",1,1,1
"130","1","blast_c_036",1,2,1
"131","2","blast_c_036",2,3,1
"132","2","blast_c_036",1,4,0
"133","1","blast_c_036",1,5,1
"134","2","blast_c_036",1,6,0
"135","1","blast_c_036",2,7,0
"136","1","blast_c_036",2,8,0
"137","2","blast_c_036",2,9,1
"138","2","blast_c_036",2,10,1
"139","1","blast_c_036",1,11,1
"140","2","blast_c_036",1,12,0
"141","1","blast_c_036",1,13,1
"142","2","blast_c_036",2,14,1
"143","1","blast_c_036",2,15,0
"144","2","blast_c_036",1,16,0
"145","1","blast_c_036",2,17,0
"146","1","blast_c_036",2,18,0
"147","2","blast_c_036",1,19,0
"148","1","blast_c_036",1,20,1
"149","2","blast_c_036",2,21,1
"150","2","blast_c_036",1,22,0
"151","1","blast_c_036",2,23,0
"152","1","blast_c_036",1,24,1
"153","2","blast_c_036",2,25,1
"154","2","blast_c_036",1,26,0
"155","2","blast_c_036",2,27,1
"156","1","blast_c_036",1,28,1
"157","2","blast_c_036",1,29,0
"158","1","blast_c_036",2,30,0
"159","1","blast_c_036",2,31,0
"160","2","blast_c_036",2,32,1
"161","1","blast_c_038",1,1,1
"162","1","blast_c_038",1,2,1
"163","1","blast_c_038",2,3,0
"164","1","blast_c_038",1,4,1
"165","2","blast_c_038",1,5,0
"166","1","blast_c_038",1,6,1
"167","1","blast_c_038",2,7,0
"168","1","blast_c_038",2,8,0
"169","2","blast_c_038",2,9,1
"170","2","blast_c_038",2,10,1
"171","1","blast_c_038",1,11,1
"172","2","blast_c_038",1,12,0
"173","1","blast_c_038",1,13,1
"174","2","blast_c_038",2,14,1
"175","1","blast_c_038",2,15,0
"176","2","blast_c_038",1,16,0
"177","1","blast_c_038",2,17,0
"178","1","blast_c_038",2,18,0
"179","2","blast_c_038",1,19,0
"180","1","blast_c_038",1,20,1
"181","1","blast_c_038",2,21,0
"182","2","blast_c_038",1,22,0
"183","1","blast_c_038",2,23,0
"184","2","blast_c_038",1,24,0
"185","2","blast_c_038",2,25,1
"186","2","blast_c_038",1,26,0
"187","1","blast_c_038",2,27,0
"188","1","blast_c_038",1,28,1
"189","2","blast_c_038",1,29,0
"190","1","blast_c_038",2,30,0
"191","1","blast_c_038",2,31,0
"192","2","blast_c_038",2,32,1
"193","2","blast_c_045",1,1,0
"194","1","blast_c_045",1,2,1
"195","2","blast_c_045",2,3,1
"196","1","blast_c_045",1,4,1
"197","2","blast_c_045",1,5,0
"198","2","blast_c_045",1,6,0
"199","1","blast_c_045",2,7,0
"200","2","blast_c_045",2,8,1
"201","1","blast_c_045",2,9,0
"202","1","blast_c_045",2,10,0
"203","1","blast_c_045",1,11,1
"204","2","blast_c_045",1,12,0
"205","1","blast_c_045",1,13,1
"206","2","blast_c_045",2,14,1
"207","1","blast_c_045",2,15,0
"208","2","blast_c_045",1,16,0
"209","1","blast_c_045",2,17,0
"210","1","blast_c_045",2,18,0
"211","1","blast_c_045",1,19,1
"212","2","blast_c_045",1,20,0
"213","2","blast_c_045",2,21,1
"214","2","blast_c_045",1,22,0
"215","1","blast_c_045",2,23,0
"216","2","blast_c_045",1,24,0
"217","2","blast_c_045",2,25,1
"218","1","blast_c_045",1,26,1
"219","2","blast_c_045",2,27,1
"220","2","blast_c_045",1,28,0
"221","1","blast_c_045",1,29,1
"222","2","blast_c_045",2,30,1
"223","2","blast_c_045",2,31,1
"224","1","blast_c_045",2,32,0
"225","1","blast_c_059",1,1,1
"226","2","blast_c_059",1,2,0
"227","1","blast_c_059",2,3,0
"228","1","blast_c_059",1,4,1
"229","2","blast_c_059",1,5,0
"230","1","blast_c_059",1,6,1
"231","1","blast_c_059",2,7,0
"232","2","blast_c_059",2,8,1
"233","1","blast_c_059",2,9,0
"234","2","blast_c_059",2,10,1
"235","2","blast_c_059",1,11,0
"236","1","blast_c_059",1,12,1
"237","2","blast_c_059",1,13,0
"238","2","blast_c_059",2,14,1
"239","1","blast_c_059",2,15,0
"240","2","blast_c_059",1,16,0
"241","2","blast_c_059",2,17,1
"242","1","blast_c_059",2,18,0
"243","1","blast_c_059",1,19,1
"244","2","blast_c_059",1,20,0
"245","1","blast_c_059",2,21,0
"246","2","blast_c_059",1,22,0
"247","1","blast_c_059",2,23,0
"248","1","blast_c_059",1,24,1
"249","2","blast_c_059",2,25,1
"250","2","blast_c_059",1,26,0
"251","1","blast_c_059",2,27,0
"252","1","blast_c_059",1,28,1
"253","2","blast_c_059",1,29,0
"254","1","blast_c_059",2,30,0
"255","2","blast_c_059",2,31,1
"256","2","blast_c_059",2,32,1
"257","1","blast_c_061",1,1,1
"258","2","blast_c_061",1,2,0
"259","1","blast_c_061",2,3,0
"260","2","blast_c_061",1,4,0
"261","2","blast_c_061",1,5,0
"262","1","blast_c_061",1,6,1
"263","2","blast_c_061",2,7,1
"264","2","blast_c_061",2,8,1
"265","2","blast_c_061",2,9,1
"266","2","blast_c_061",2,10,1
"267","2","blast_c_061",1,11,0
"268","2","blast_c_061",1,12,0
"269","1","blast_c_061",1,13,1
"270","2","blast_c_061",2,14,1
"271","1","blast_c_061",2,15,0
"272","2","blast_c_061",1,16,0
"273","1","blast_c_061",2,17,0
"274","2","blast_c_061",2,18,1
"275","2","blast_c_061",1,19,0
"276","2","blast_c_061",1,20,0
"277","1","blast_c_061",2,21,0
"278","2","blast_c_061",1,22,0
"279","2","blast_c_061",2,23,1
"280","2","blast_c_061",1,24,0
"281","2","blast_c_061",2,25,1
"282","2","blast_c_061",1,26,0
"283","2","blast_c_061",2,27,1
"284","2","blast_c_061",1,28,0
"285","1","blast_c_061",1,29,1
"286","1","blast_c_061",2,30,0
"287","1","blast_c_061",2,31,0
"288","2","blast_c_061",2,32,1
"289","1","blast_c_071",1,1,1
"290","1","blast_c_071",1,2,1
"291","2","blast_c_071",2,3,1
"292","1","blast_c_071",1,4,1
"293","1","blast_c_071",1,5,1
"294","1","blast_c_071",1,6,1
"295","2","blast_c_071",2,7,1
"296","1","blast_c_071",2,8,0
"297","2","blast_c_071",2,9,1
"298","1","blast_c_071",2,10,0
"299","1","blast_c_071",1,11,1
"300","2","blast_c_071",1,12,0
"301","1","blast_c_071",1,13,1
"302","1","blast_c_071",2,14,0
"303","1","blast_c_071",2,15,0
"304","1","blast_c_071",1,16,1
"305","2","blast_c_071",2,17,1
"306","1","blast_c_071",2,18,0
"307","1","blast_c_071",1,19,1
"308","2","blast_c_071",1,20,0
"309","2","blast_c_071",2,21,1
"310","1","blast_c_071",1,22,1
"311","2","blast_c_071",2,23,1
"312","1","blast_c_071",1,24,1
"313","1","blast_c_071",2,25,0
"314","1","blast_c_071",1,26,1
"315","2","blast_c_071",2,27,1
"316","2","blast_c_071",1,28,0
"317","1","blast_c_071",1,29,1
"318","2","blast_c_071",2,30,1
"319","1","blast_c_071",2,31,0
"320","2","blast_c_071",2,32,1
"321","2","blast_c_073",1,1,0
"322","1","blast_c_073",1,2,1
"323","1","blast_c_073",2,3,0
"324","1","blast_c_073",1,4,1
"325","1","blast_c_073",1,5,1
"326","2","blast_c_073",1,6,0
"327","1","blast_c_073",2,7,0
"328","2","blast_c_073",2,8,1
"329","1","blast_c_073",2,9,0
"330","1","blast_c_073",2,10,0
"331","2","blast_c_073",1,11,0
"332","1","blast_c_073",1,12,1
"333","2","blast_c_073",1,13,0
"334","2","blast_c_073",2,14,1
"335","1","blast_c_073",2,15,0
"336","2","blast_c_073",1,16,0
"337","1","blast_c_073",2,17,0
"338","1","blast_c_073",2,18,0
"339","1","blast_c_073",1,19,1
"340","1","blast_c_073",1,20,1
"341","1","blast_c_073",2,21,0
"342","2","blast_c_073",1,22,0
"343","1","blast_c_073",2,23,0
"344","1","blast_c_073",1,24,1
"345","1","blast_c_073",2,25,0
"346","1","blast_c_073",1,26,1
"347","2","blast_c_073",2,27,1
"348","2","blast_c_073",1,28,0
"349","1","blast_c_073",1,29,1
"350","1","blast_c_073",2,30,0
"351","1","blast_c_073",2,31,0
"352","1","blast_c_073",2,32,0
"353","2","blast_c_081",1,1,0
"354","2","blast_c_081",1,2,0
"355","2","blast_c_081",2,3,1
"356","2","blast_c_081",1,4,0
"357","2","blast_c_081",1,5,0
"358","2","blast_c_081",1,6,0
"359","1","blast_c_081",2,7,0
"360","2","blast_c_081",2,8,1
"361","1","blast_c_081",2,9,0
"362","1","blast_c_081",2,10,0
"363","1","blast_c_081",1,11,1
"364","1","blast_c_081",1,12,1
"365","1","blast_c_081",1,13,1
"366","1","blast_c_081",2,14,0
"367","1","blast_c_081",2,15,0
"368","1","blast_c_081",1,16,1
"369","1","blast_c_081",2,17,0
"370","2","blast_c_081",2,18,1
"371","1","blast_c_081",1,19,1
"372","2","blast_c_081",1,20,0
"373","1","blast_c_081",2,21,0
"374","1","blast_c_081",1,22,1
"375","1","blast_c_081",2,23,0
"376","1","blast_c_081",1,24,1
"377","1","blast_c_081",2,25,0
"378","1","blast_c_081",1,26,1
"379","1","blast_c_081",2,27,0
"380","1","blast_c_081",1,28,1
"381","2","blast_c_081",1,29,0
"382","2","blast_c_081",2,30,1
"383","1","blast_c_081",2,31,0
"384","1","blast_c_081",2,32,0
"385","2","blast_c_085",1,1,0
"386","1","blast_c_085",1,2,1
"387","1","blast_c_085",2,3,0
"388","1","blast_c_085",1,4,1
"389","2","blast_c_085",1,5,0
"390","1","blast_c_085",1,6,1
"391","1","blast_c_085",2,7,0
"392","1","blast_c_085",2,8,0
"393","1","blast_c_085",2,9,0
"394","2","blast_c_085",2,10,1
"395","1","blast_c_085",1,11,1
"396","2","blast_c_085",1,12,0
"397","1","blast_c_085",1,13,1
"398","2","blast_c_085",2,14,1
"399","1","blast_c_085",2,15,0
"400","2","blast_c_085",1,16,0
"401","2","blast_c_085",2,17,1
"402","2","blast_c_085",2,18,1
"403","1","blast_c_085",1,19,1
"404","1","blast_c_085",1,20,1
"405","1","blast_c_085",2,21,0
"406","2","blast_c_085",1,22,0
"407","2","blast_c_085",2,23,1
"408","2","blast_c_085",1,24,0
"409","1","blast_c_085",2,25,0
"410","1","blast_c_085",1,26,1
"411","2","blast_c_085",2,27,1
"412","1","blast_c_085",1,28,1
"413","2","blast_c_085",1,29,0
"414","1","blast_c_085",2,30,0
"415","1","blast_c_085",2,31,0
"416","2","blast_c_085",2,32,1
"417","1","blast_c_088",1,1,1
"418","2","blast_c_088",1,2,0
"419","2","blast_c_088",2,3,1
"420","1","blast_c_088",1,4,1
"421","2","blast_c_088",1,5,0
"422","1","blast_c_088",1,6,1
"423","2","blast_c_088",2,7,1
"424","1","blast_c_088",2,8,0
"425","2","blast_c_088",2,9,1
"426","1","blast_c_088",2,10,0
"427","2","blast_c_088",1,11,0
"428","1","blast_c_088",1,12,1
"429","2","blast_c_088",1,13,0
"430","1","blast_c_088",2,14,0
"431","2","blast_c_088",2,15,1
"432","2","blast_c_088",1,16,0
"433","1","blast_c_088",2,17,0
"434","2","blast_c_088",2,18,1
"435","1","blast_c_088",1,19,1
"436","2","blast_c_088",1,20,0
"437","1","blast_c_088",2,21,0
"438","1","blast_c_088",1,22,1
"439","1","blast_c_088",2,23,0
"440","2","blast_c_088",1,24,0
"441","1","blast_c_088",2,25,0
"442","2","blast_c_088",1,26,0
"443","2","blast_c_088",2,27,1
"444","1","blast_c_088",1,28,1
"445","1","blast_c_088",1,29,1
"446","2","blast_c_088",2,30,1
"447","1","blast_c_088",2,31,0
"448","1","blast_c_088",2,32,0
"449","2","blast_c_092",1,1,0
"450","1","blast_c_092",1,2,1
"451","2","blast_c_092",2,3,1
"452","2","blast_c_092",1,4,0
"453","1","blast_c_092",1,5,1
"454","2","blast_c_092",1,6,0
"455","1","blast_c_092",2,7,0
"456","1","blast_c_092",2,8,0
"457","2","blast_c_092",2,9,1
"458","1","blast_c_092",2,10,0
"459","1","blast_c_092",1,11,1
"460","2","blast_c_092",1,12,0
"461","2","blast_c_092",1,13,0
"462","2","blast_c_092",2,14,1
"463","2","blast_c_092",2,15,1
"464","2","blast_c_092",1,16,0
"465","2","blast_c_092",2,17,1
"466","2","blast_c_092",2,18,1
"467","2","blast_c_092",1,19,0
"468","2","blast_c_092",1,20,0
"469","1","blast_c_092",2,21,0
"470","1","blast_c_092",1,22,1
"471","1","blast_c_092",2,23,0
"472","2","blast_c_092",1,24,0
"473","2","blast_c_092",2,25,1
"474","1","blast_c_092",1,26,1
"475","1","blast_c_092",2,27,0
"476","2","blast_c_092",1,28,0
"477","2","blast_c_092",1,29,0
"478","1","blast_c_092",2,30,0
"479","2","blast_c_092",2,31,1
"480","2","blast_c_092",2,32,1
"481","2","blast_c_095",1,1,0
"482","1","blast_c_095",1,2,1
"483","2","blast_c_095",2,3,1
"484","2","blast_c_095",1,4,0
"485","2","blast_c_095",1,5,0
"486","2","blast_c_095",1,6,0
"487","1","blast_c_095",2,7,0
"488","1","blast_c_095",2,8,0
"489","2","blast_c_095",2,9,1
"490","1","blast_c_095",2,10,0
"491","1","blast_c_095",1,11,1
"492","2","blast_c_095",1,12,0
"493","1","blast_c_095",1,13,1
"494","2","blast_c_095",2,14,1
"495","2","blast_c_095",2,15,1
"496","1","blast_c_095",1,16,1
"497","2","blast_c_095",2,17,1
"498","1","blast_c_095",2,18,0
"499","2","blast_c_095",1,19,0
"500","1","blast_c_095",1,20,1
"501","2","blast_c_095",2,21,1
"502","1","blast_c_095",1,22,1
"503","2","blast_c_095",2,23,1
"504","2","blast_c_095",1,24,0
"505","1","blast_c_095",2,25,0
"506","1","blast_c_095",1,26,1
"507","2","blast_c_095",2,27,1
"508","1","blast_c_095",1,28,1
"509","1","blast_c_095",1,29,1
"510","2","blast_c_095",2,30,1
"511","2","blast_c_095",2,31,1
"512","2","blast_c_095",2,32,1
"513","1","blast_c_096",1,1,1
"514","1","blast_c_096",1,2,1
"515","2","blast_c_096",2,3,1
"516","2","blast_c_096",1,4,0
"517","2","blast_c_096",1,5,0
"518","2","blast_c_096",1,6,0
"519","1","blast_c_096",2,7,0
"520","2","blast_c_096",2,8,1
"521","2","blast_c_096",2,9,1
"522","2","blast_c_096",2,10,1
"523","2","blast_c_096",1,11,0
"524","1","blast_c_096",1,12,1
"525","1","blast_c_096",1,13,1
"526","1","blast_c_096",2,14,0
"527","2","blast_c_096",2,15,1
"528","1","blast_c_096",1,16,1
"529","1","blast_c_096",2,17,0
"530","1","blast_c_096",2,18,0
"531","1","blast_c_096",1,19,1
"532","1","blast_c_096",1,20,1
"533","2","blast_c_096",2,21,1
"534","2","blast_c_096",1,22,0
"535","1","blast_c_096",2,23,0
"536","1","blast_c_096",1,24,1
"537","1","blast_c_096",2,25,0
"538","2","blast_c_096",1,26,0
"539","1","blast_c_096",2,27,0
"540","1","blast_c_096",1,28,1
"541","2","blast_c_096",1,29,0
"542","2","blast_c_096",2,30,1
"543","1","blast_c_096",2,31,0
"544","1","blast_c_096",2,32,0
"545","1","blast_c_097",1,1,1
"546","1","blast_c_097",1,2,1
"547","2","blast_c_097",2,3,1
"548","1","blast_c_097",1,4,1
"549","1","blast_c_097",1,5,1
"550","2","blast_c_097",1,6,0
"551","2","blast_c_097",2,7,1
"552","2","blast_c_097",2,8,1
"553","1","blast_c_097",2,9,0
"554","1","blast_c_097",2,10,0
"555","1","blast_c_097",1,11,1
"556","2","blast_c_097",1,12,0
"557","2","blast_c_097",1,13,0
"558","1","blast_c_097",2,14,0
"559","2","blast_c_097",2,15,1
"560","1","blast_c_097",1,16,1
"561","2","blast_c_097",2,17,1
"562","1","blast_c_097",2,18,0
"563","2","blast_c_097",1,19,0
"564","1","blast_c_097",1,20,1
"565","1","blast_c_097",2,21,0
"566","1","blast_c_097",1,22,1
"567","1","blast_c_097",2,23,0
"568","1","blast_c_097",1,24,1
"569","1","blast_c_097",2,25,0
"570","1","blast_c_097",1,26,1
"571","1","blast_c_097",2,27,0
"572","1","blast_c_097",1,28,1
"573","1","blast_c_097",1,29,1
"574","1","blast_c_097",2,30,0
"575","1","blast_c_097",2,31,0
"576","1","blast_c_097",2,32,0
"577","1","blast_c_109",1,1,1
"578","2","blast_c_109",1,2,0
"579","1","blast_c_109",2,3,0
"580","2","blast_c_109",1,4,0
"581","1","blast_c_109",1,5,1
"582","2","blast_c_109",1,6,0
"583","1","blast_c_109",2,7,0
"584","2","blast_c_109",2,8,1
"585","1","blast_c_109",2,9,0
"586","2","blast_c_109",2,10,1
"587","1","blast_c_109",1,11,1
"588","2","blast_c_109",1,12,0
"589","1","blast_c_109",1,13,1
"590","2","blast_c_109",2,14,1
"591","2","blast_c_109",2,15,1
"592","1","blast_c_109",1,16,1
"593","2","blast_c_109",2,17,1
"594","1","blast_c_109",2,18,0
"595","2","blast_c_109",1,19,0
"596","1","blast_c_109",1,20,1
"597","2","blast_c_109",2,21,1
"598","1","blast_c_109",1,22,1
"599","1","blast_c_109",2,23,0
"600","1","blast_c_109",1,24,1
"601","1","blast_c_109",2,25,0
"602","1","blast_c_109",1,26,1
"603","2","blast_c_109",2,27,1
"604","1","blast_c_109",1,28,1
"605","2","blast_c_109",1,29,0
"606","1","blast_c_109",2,30,0
"607","2","blast_c_109",2,31,1
"608","1","blast_c_109",2,32,0
"609","1","blast_c_121",1,1,1
"610","2","blast_c_121",1,2,0
"611","1","blast_c_121",2,3,0
"612","1","blast_c_121",1,4,1
"613","1","blast_c_121",1,5,1
"614","1","blast_c_121",1,6,1
"615","2","blast_c_121",2,7,1
"616","1","blast_c_121",2,8,0
"617","1","blast_c_121",2,9,0
"618","2","blast_c_121",2,10,1
"619","1","blast_c_121",1,11,1
"620","2","blast_c_121",1,12,0
"621","1","blast_c_121",1,13,1
"622","2","blast_c_121",2,14,1
"623","1","blast_c_121",2,15,0
"624","2","blast_c_121",1,16,0
"625","2","blast_c_121",2,17,1
"626","1","blast_c_121",2,18,0
"627","2","blast_c_121",1,19,0
"628","1","blast_c_121",1,20,1
"629","2","blast_c_121",2,21,1
"630","1","blast_c_121",1,22,1
"631","2","blast_c_121",2,23,1
"632","1","blast_c_121",1,24,1
"633","2","blast_c_121",2,25,1
"634","1","blast_c_121",1,26,1
"635","2","blast_c_121",2,27,1
"636","1","blast_c_121",1,28,1
"637","2","blast_c_121",1,29,0
"638","1","blast_c_121",2,30,0
"639","2","blast_c_121",2,31,1
"640","1","blast_c_121",2,32,0
"641","1","blast_c_124",1,1,1
"642","1","blast_c_124",1,2,1
"643","2","blast_c_124",2,3,1
"644","1","blast_c_124",1,4,1
"645","1","blast_c_124",1,5,1
"646","2","blast_c_124",1,6,0
"647","2","blast_c_124",2,7,1
"648","2","blast_c_124",2,8,1
"649","2","blast_c_124",2,9,1
"650","1","blast_c_124",2,10,0
"651","1","blast_c_124",1,11,1
"652","2","blast_c_124",1,12,0
"653","1","blast_c_124",1,13,1
"654","1","blast_c_124",2,14,0
"655","1","blast_c_124",2,15,0
"656","1","blast_c_124",1,16,1
"657","1","blast_c_124",2,17,0
"658","1","blast_c_124",2,18,0
"659","1","blast_c_124",1,19,1
"660","2","blast_c_124",1,20,0
"661","2","blast_c_124",2,21,1
"662","1","blast_c_124",1,22,1
"663","1","blast_c_124",2,23,0
"664","2","blast_c_124",1,24,0
"665","2","blast_c_124",2,25,1
"666","1","blast_c_124",1,26,1
"667","1","blast_c_124",2,27,0
"668","1","blast_c_124",1,28,1
"669","1","blast_c_124",1,29,1
"670","2","blast_c_124",2,30,1
"671","2","blast_c_124",2,31,1
"672","2","blast_c_124",2,32,1
"673","1","blast_c_147",1,1,1
"674","1","blast_c_147",1,2,1
"675","2","blast_c_147",2,3,1
"676","2","blast_c_147",1,4,0
"677","2","blast_c_147",1,5,0
"678","1","blast_c_147",1,6,1
"679","2","blast_c_147",2,7,1
"680","1","blast_c_147",2,8,0
"681","1","blast_c_147",2,9,0
"682","2","blast_c_147",2,10,1
"683","2","blast_c_147",1,11,0
"684","1","blast_c_147",1,12,1
"685","1","blast_c_147",1,13,1
"686","2","blast_c_147",2,14,1
"687","1","blast_c_147",2,15,0
"688","1","blast_c_147",1,16,1
"689","2","blast_c_147",2,17,1
"690","1","blast_c_147",2,18,0
"691","1","blast_c_147",1,19,1
"692","1","blast_c_147",1,20,1
"693","1","blast_c_147",2,21,0
"694","2","blast_c_147",1,22,0
"695","1","blast_c_147",2,23,0
"696","1","blast_c_147",1,24,1
"697","1","blast_c_147",2,25,0
"698","2","blast_c_147",1,26,0
"699","1","blast_c_147",2,27,0
"700","2","blast_c_147",1,28,0
"701","2","blast_c_147",1,29,0
"702","2","blast_c_147",2,30,1
"703","1","blast_c_147",2,31,0
"704","1","blast_c_147",2,32,0
"705","2","blast_c_149",1,1,0
"706","1","blast_c_149",1,2,1
"707","2","blast_c_149",2,3,1
"708","1","blast_c_149",1,4,1
"709","2","blast_c_149",1,5,0
"710","2","blast_c_149",1,6,0
"711","2","blast_c_149",2,7,1
"712","2","blast_c_149",2,8,1
"713","1","blast_c_149",2,9,0
"714","2","blast_c_149",2,10,1
"715","1","blast_c_149",1,11,1
"716","1","blast_c_149",1,12,1
"717","2","blast_c_149",1,13,0
"718","1","blast_c_149",2,14,0
"719","2","blast_c_149",2,15,1
"720","2","blast_c_149",1,16,0
"721","1","blast_c_149",2,17,0
"722","2","blast_c_149",2,18,1
"723","2","blast_c_149",1,19,0
"724","1","blast_c_149",1,20,1
"725","1","blast_c_149",2,21,0
"726","2","blast_c_149",1,22,0
"727","2","blast_c_149",2,23,1
"728","1","blast_c_149",1,24,1
"729","2","blast_c_149",2,25,1
"730","1","blast_c_149",1,26,1
"731","1","blast_c_149",2,27,0
"732","2","blast_c_149",1,28,0
"733","1","blast_c_149",1,29,1
"734","2","blast_c_149",2,30,1
"735","1","blast_c_149",2,31,0
"736","2","blast_c_149",2,32,1
"737","1","blast_c_165",1,1,1
"738","2","blast_c_165",1,2,0
"739","1","blast_c_165",2,3,0
"740","2","blast_c_165",1,4,0
"741","1","blast_c_165",1,5,1
"742","2","blast_c_165",1,6,0
"743","2","blast_c_165",2,7,1
"744","2","blast_c_165",2,8,1
"745","2","blast_c_165",2,9,1
"746","1","blast_c_165",2,10,0
"747","2","blast_c_165",1,11,0
"748","2","blast_c_165",1,12,0
"749","2","blast_c_165",1,13,0
"750","2","blast_c_165",2,14,1
"751","1","blast_c_165",2,15,0
"752","2","blast_c_165",1,16,0
"753","1","blast_c_165",2,17,0
"754","2","blast_c_165",2,18,1
"755","2","blast_c_165",1,19,0
"756","1","blast_c_165",1,20,1
"757","2","blast_c_165",2,21,1
"758","1","blast_c_165",1,22,1
"759","1","blast_c_165",2,23,0
"760","1","blast_c_165",1,24,1
"761","2","blast_c_165",2,25,1
"762","2","blast_c_165",1,26,0
"763","1","blast_c_165",2,27,0
"764","1","blast_c_165",1,28,1
"765","2","blast_c_165",1,29,0
"766","1","blast_c_165",2,30,0
"767","1","blast_c_165",2,31,0
"768","2","blast_c_165",2,32,1
"769","1","blast_c_168",1,1,1
"770","1","blast_c_168",1,2,1
"771","2","blast_c_168",2,3,1
"772","1","blast_c_168",1,4,1
"773","1","blast_c_168",1,5,1
"774","1","blast_c_168",1,6,1
"775","1","blast_c_168",2,7,0
"776","1","blast_c_168",2,8,0
"777","2","blast_c_168",2,9,1
"778","2","blast_c_168",2,10,1
"779","2","blast_c_168",1,11,0
"780","2","blast_c_168",1,12,0
"781","1","blast_c_168",1,13,1
"782","1","blast_c_168",2,14,0
"783","2","blast_c_168",2,15,1
"784","1","blast_c_168",1,16,1
"785","1","blast_c_168",2,17,0
"786","1","blast_c_168",2,18,0
"787","1","blast_c_168",1,19,1
"788","2","blast_c_168",1,20,0
"789","1","blast_c_168",2,21,0
"790","2","blast_c_168",1,22,0
"791","1","blast_c_168",2,23,0
"792","1","blast_c_168",1,24,1
"793","1","blast_c_168",2,25,0
"794","2","blast_c_168",1,26,0
"795","1","blast_c_168",2,27,0
"796","2","blast_c_168",1,28,0
"797","1","blast_c_168",1,29,1
"798","1","blast_c_168",2,30,0
"799","2","blast_c_168",2,31,1
"800","1","blast_c_168",2,32,0
"801","2","blast_c_186",1,1,0
"802","1","blast_c_186",1,2,1
"803","2","blast_c_186",2,3,1
"804","2","blast_c_186",1,4,0
"805","1","blast_c_186",1,5,1
"806","2","blast_c_186",1,6,0
"807","1","blast_c_186",2,7,0
"808","2","blast_c_186",2,8,1
"809","2","blast_c_186",2,9,1
"810","1","blast_c_186",2,10,0
"811","2","blast_c_186",1,11,0
"812","1","blast_c_186",1,12,1
"813","2","blast_c_186",1,13,0
"814","1","blast_c_186",2,14,0
"815","2","blast_c_186",2,15,1
"816","2","blast_c_186",1,16,0
"817","1","blast_c_186",2,17,0
"818","1","blast_c_186",2,18,0
"819","2","blast_c_186",1,19,0
"820","2","blast_c_186",1,20,0
"821","2","blast_c_186",2,21,1
"822","2","blast_c_186",1,22,0
"823","1","blast_c_186",2,23,0
"824","1","blast_c_186",1,24,1
"825","2","blast_c_186",2,25,1
"826","2","blast_c_186",1,26,0
"827","1","blast_c_186",2,27,0
"828","2","blast_c_186",1,28,0
"829","2","blast_c_186",1,29,0
"830","1","blast_c_186",2,30,0
"831","2","blast_c_186",2,31,1
"832","2","blast_c_186",2,32,1
"833","1","blast_c_193",1,1,1
"834","2","blast_c_193",1,2,0
"835","1","blast_c_193",2,3,0
"836","2","blast_c_193",1,4,0
"837","2","blast_c_193",1,5,0
"838","1","blast_c_193",1,6,1
"839","2","blast_c_193",2,7,1
"840","2","blast_c_193",2,8,1
"841","1","blast_c_193",2,9,0
"842","1","blast_c_193",2,10,0
"843","2","blast_c_193",1,11,0
"844","1","blast_c_193",1,12,1
"845","2","blast_c_193",1,13,0
"846","1","blast_c_193",2,14,0
"847","2","blast_c_193",2,15,1
"848","1","blast_c_193",1,16,1
"849","1","blast_c_193",2,17,0
"850","2","blast_c_193",2,18,1
"851","1","blast_c_193",1,19,1
"852","1","blast_c_193",1,20,1
"853","2","blast_c_193",2,21,1
"854","1","blast_c_193",1,22,1
"855","2","blast_c_193",2,23,1
"856","1","blast_c_193",1,24,1
"857","2","blast_c_193",2,25,1
"858","2","blast_c_193",1,26,0
"859","1","blast_c_193",2,27,0
"860","2","blast_c_193",1,28,0
"861","2","blast_c_193",1,29,0
"862","2","blast_c_193",2,30,1
"863","2","blast_c_193",2,31,1
"864","2","blast_c_193",2,32,1
"865","2","blast_c_204",1,1,0
"866","1","blast_c_204",1,2,1
"867","2","blast_c_204",2,3,1
"868","1","blast_c_204",1,4,1
"869","1","blast_c_204",1,5,1
"870","1","blast_c_204",1,6,1
"871","2","blast_c_204",2,7,1
"872","2","blast_c_204",2,8,1
"873","2","blast_c_204",2,9,1
"874","1","blast_c_204",2,10,0
"875","1","blast_c_204",1,11,1
"876","1","blast_c_204",1,12,1
"877","2","blast_c_204",1,13,0
"878","1","blast_c_204",2,14,0
"879","1","blast_c_204",2,15,0
"880","2","blast_c_204",1,16,0
"881","1","blast_c_204",2,17,0
"882","1","blast_c_204",2,18,0
"883","1","blast_c_204",1,19,1
"884","2","blast_c_204",1,20,0
"885","2","blast_c_204",2,21,1
"886","2","blast_c_204",1,22,0
"887","2","blast_c_204",2,23,1
"888","1","blast_c_204",1,24,1
"889","1","blast_c_204",2,25,0
"890","2","blast_c_204",1,26,0
"891","1","blast_c_204",2,27,0
"892","1","blast_c_204",1,28,1
"893","2","blast_c_204",1,29,0
"894","1","blast_c_204",2,30,0
"895","2","blast_c_204",2,31,1
"896","1","blast_c_204",2,32,0
"897","1","blast_c_206",1,1,1
"898","1","blast_c_206",1,2,1
"899","2","blast_c_206",2,3,1
"900","2","blast_c_206",1,4,0
"901","1","blast_c_206",1,5,1
"902","2","blast_c_206",1,6,0
"903","1","blast_c_206",2,7,0
"904","2","blast_c_206",2,8,1
"905","1","blast_c_206",2,9,0
"906","1","blast_c_206",2,10,0
"907","1","blast_c_206",1,11,1
"908","2","blast_c_206",1,12,0
"909","1","blast_c_206",1,13,1
"910","2","blast_c_206",2,14,1
"911","1","blast_c_206",2,15,0
"912","2","blast_c_206",1,16,0
"913","2","blast_c_206",2,17,1
"914","1","blast_c_206",2,18,0
"915","2","blast_c_206",1,19,0
"916","2","blast_c_206",1,20,0
"917","2","blast_c_206",2,21,1
"918","1","blast_c_206",1,22,1
"919","1","blast_c_206",2,23,0
"920","1","blast_c_206",1,24,1
"921","2","blast_c_206",2,25,1
"922","1","blast_c_206",1,26,1
"923","1","blast_c_206",2,27,0
"924","1","blast_c_206",1,28,1
"925","1","blast_c_206",1,29,1
"926","1","blast_c_206",2,30,0
"927","2","blast_c_206",2,31,1
"928","2","blast_c_206",2,32,1
"929","2","blast_c_207",1,1,0
"930","2","blast_c_207",1,2,0
"931","1","blast_c_207",2,3,0
"932","2","blast_c_207",1,4,0
"933","1","blast_c_207",1,5,1
"934","2","blast_c_207",1,6,0
"935","1","blast_c_207",2,7,0
"936","2","blast_c_207",2,8,1
"937","1","blast_c_207",2,9,0
"938","2","blast_c_207",2,10,1
"939","1","blast_c_207",1,11,1
"940","1","blast_c_207",1,12,1
"941","1","blast_c_207",1,13,1
"942","1","blast_c_207",2,14,0
"943","2","blast_c_207",2,15,1
"944","1","blast_c_207",1,16,1
"945","2","blast_c_207",2,17,1
"946","1","blast_c_207",2,18,0
"947","1","blast_c_207",1,19,1
"948","2","blast_c_207",1,20,0
"949","1","blast_c_207",2,21,0
"950","2","blast_c_207",1,22,0
"951","1","blast_c_207",2,23,0
"952","1","blast_c_207",1,24,1
"953","2","blast_c_207",2,25,1
"954","1","blast_c_207",1,26,1
"955","1","blast_c_207",2,27,0
"956","1","blast_c_207",1,28,1
"957","2","blast_c_207",1,29,0
"958","1","blast_c_207",2,30,0
"959","2","blast_c_207",2,31,1
"960","2","blast_c_207",2,32,1
"961","2","blast_c_209",1,1,0
"962","2","blast_c_209",1,2,0
"963","2","blast_c_209",2,3,1
"964","2","blast_c_209",1,4,0
"965","2","blast_c_209",1,5,0
"966","2","blast_c_209",1,6,0
"967","2","blast_c_209",2,7,1
"968","2","blast_c_209",2,8,1
"969","2","blast_c_209",2,9,1
"970","2","blast_c_209",2,10,1
"971","2","blast_c_209",1,11,0
"972","2","blast_c_209",1,12,0
"973","2","blast_c_209",1,13,0
"974","2","blast_c_209",2,14,1
"975","2","blast_c_209",2,15,1
"976","2","blast_c_209",1,16,0
"977","2","blast_c_209",2,17,1
"978","2","blast_c_209",2,18,1
"979","2","blast_c_209",1,19,0
"980","2","blast_c_209",1,20,0
"981","2","blast_c_209",2,21,1
"982","2","blast_c_209",1,22,0
"983","2","blast_c_209",2,23,1
"984","2","blast_c_209",1,24,0
"985","2","blast_c_209",2,25,1
"986","2","blast_c_209",1,26,0
"987","2","blast_c_209",2,27,1
"988","2","blast_c_209",1,28,0
"989","2","blast_c_209",1,29,0
"990","2","blast_c_209",2,30,1
"991","2","blast_c_209",2,31,1
"992","2","blast_c_209",2,32,1
"993","1","blast_c_210",1,1,1
"994","2","blast_c_210",1,2,0
"995","1","blast_c_210",2,3,0
"996","2","blast_c_210",1,4,0
"997","2","blast_c_210",1,5,0
"998","1","blast_c_210",1,6,1
"999","1","blast_c_210",2,7,0
"1000","2","blast_c_210",2,8,1
"1001","2","blast_c_210",2,9,1
"1002","2","blast_c_210",2,10,1
"1003","1","blast_c_210",1,11,1
"1004","2","blast_c_210",1,12,0
"1005","2","blast_c_210",1,13,0
"1006","2","blast_c_210",2,14,1
"1007","2","blast_c_210",2,15,1
"1008","1","blast_c_210",1,16,1
"1009","2","blast_c_210",2,17,1
"1010","1","blast_c_210",2,18,0
"1011","2","blast_c_210",1,19,0
"1012","2","blast_c_210",1,20,0
"1013","2","blast_c_210",2,21,1
"1014","1","blast_c_210",1,22,1
"1015","1","blast_c_210",2,23,0
"1016","1","blast_c_210",1,24,1
"1017","2","blast_c_210",2,25,1
"1018","2","blast_c_210",1,26,0
"1019","2","blast_c_210",2,27,1
"1020","1","blast_c_210",1,28,1
"1021","2","blast_c_210",1,29,0
"1022","1","blast_c_210",2,30,0
"1023","2","blast_c_210",2,31,1
"1024","1","blast_c_210",2,32,0
"1025","1","blast_c_213",1,1,1
"1026","1","blast_c_213",1,2,1
"1027","1","blast_c_213",2,3,0
"1028","2","blast_c_213",1,4,0
"1029","1","blast_c_213",1,5,1
"1030","2","blast_c_213",1,6,0
"1031","1","blast_c_213",2,7,0
"1032","2","blast_c_213",2,8,1
"1033","2","blast_c_213",2,9,1
"1034","1","blast_c_213",2,10,0
"1035","2","blast_c_213",1,11,0
"1036","2","blast_c_213",1,12,0
"1037","1","blast_c_213",1,13,1
"1038","2","blast_c_213",2,14,1
"1039","2","blast_c_213",2,15,1
"1040","2","blast_c_213",1,16,0
"1041","1","blast_c_213",2,17,0
"1042","1","blast_c_213",2,18,0
"1043","2","blast_c_213",1,19,0
"1044","2","blast_c_213",1,20,0
"1045","1","blast_c_213",2,21,0
"1046","2","blast_c_213",1,22,0
"1047","1","blast_c_213",2,23,0
"1048","1","blast_c_213",1,24,1
"1049","2","blast_c_213",2,25,1
"1050","1","blast_c_213",1,26,1
"1051","2","blast_c_213",2,27,1
"1052","2","blast_c_213",1,28,0
"1053","1","blast_c_213",1,29,1
"1054","2","blast_c_213",2,30,1
"1055","2","blast_c_213",2,31,1
"1056","1","blast_c_213",2,32,0
"1057","1","blast_c_216",1,1,1
"1058","2","blast_c_216",1,2,0
"1059","1","blast_c_216",2,3,0
"1060","1","blast_c_216",1,4,1
"1061","2","blast_c_216",1,5,0
"1062","1","blast_c_216",1,6,1
"1063","2","blast_c_216",2,7,1
"1064","1","blast_c_216",2,8,0
"1065","2","blast_c_216",2,9,1
"1066","2","blast_c_216",2,10,1
"1067","1","blast_c_216",1,11,1
"1068","2","blast_c_216",1,12,0
"1069","1","blast_c_216",1,13,1
"1070","1","blast_c_216",2,14,0
"1071","2","blast_c_216",2,15,1
"1072","1","blast_c_216",1,16,1
"1073","2","blast_c_216",2,17,1
"1074","2","blast_c_216",2,18,1
"1075","1","blast_c_216",1,19,1
"1076","2","blast_c_216",1,20,0
"1077","2","blast_c_216",2,21,1
"1078","2","blast_c_216",1,22,0
"1079","1","blast_c_216",2,23,0
"1080","1","blast_c_216",1,24,1
"1081","2","blast_c_216",2,25,1
"1082","2","blast_c_216",1,26,0
"1083","1","blast_c_216",2,27,0
"1084","2","blast_c_216",1,28,0
"1085","1","blast_c_216",1,29,1
"1086","2","blast_c_216",2,30,1
"1087","2","blast_c_216",2,31,1
"1088","1","blast_c_216",2,32,0
"1089","2","blast_c_471",1,1,0
"1090","1","blast_c_471",1,2,1
"1091","1","blast_c_471",2,3,0
"1092","2","blast_c_471",1,4,0
"1093","2","blast_c_471",1,5,0
"1094","2","blast_c_471",1,6,0
"1095","1","blast_c_471",2,7,0
"1096","1","blast_c_471",2,8,0
"1097","1","blast_c_471",2,9,0
"1098","2","blast_c_471",2,10,1
"1099","2","blast_c_471",1,11,0
"1100","1","blast_c_471",1,12,1
"1101","2","blast_c_471",1,13,0
"1102","1","blast_c_471",2,14,0
"1103","2","blast_c_471",2,15,1
"1104","1","blast_c_471",1,16,1
"1105","1","blast_c_471",2,17,0
"1106","2","blast_c_471",2,18,1
"1107","1","blast_c_471",1,19,1
"1108","2","blast_c_471",1,20,0
"1109","2","blast_c_471",2,21,1
"1110","1","blast_c_471",1,22,1
"1111","2","blast_c_471",2,23,1
"1112","1","blast_c_471",1,24,1
"1113","1","blast_c_471",2,25,0
"1114","2","blast_c_471",1,26,0
"1115","2","blast_c_471",2,27,1
"1116","2","blast_c_471",1,28,0
"1117","1","blast_c_471",1,29,1
"1118","1","blast_c_471",2,30,0
"1119","1","blast_c_471",2,31,0
"1120","2","blast_c_471",2,32,1
"1121","1","blast_c_150",2,1,0
"1122","1","blast_c_150",1,2,1
"1123","1","blast_c_150",1,3,1
"1124","2","blast_c_150",2,4,1
"1125","1","blast_c_150",1,5,1
"1126","2","blast_c_150",2,6,1
"1127","2","blast_c_150",2,7,1
"1128","1","blast_c_150",1,8,1
"1129","1","blast_c_150",1,9,1
"1130","1","blast_c_150",2,10,0
"1131","2","blast_c_150",2,11,1
"1132","1","blast_c_150",1,12,1
"1133","1","blast_c_150",2,13,0
"1134","2","blast_c_150",1,14,0
"1135","1","blast_c_150",2,15,0
"1136","1","blast_c_150",1,16,1
"1137","1","blast_c_150",1,17,1
"1138","2","blast_c_150",2,18,1
"1139","2","blast_c_150",1,19,0
"1140","1","blast_c_150",2,20,0
"1141","2","blast_c_150",2,21,1
"1142","1","blast_c_150",1,22,1
"1143","2","blast_c_150",2,23,1
"1144","1","blast_c_150",1,24,1
"1145","2","blast_c_150",1,25,0
"1146","1","blast_c_150",2,26,0
"1147","1","blast_c_150",2,27,0
"1148","1","blast_c_150",1,28,1
"1149","2","blast_c_150",1,29,0
"1150","2","blast_c_150",2,30,1
"1151","1","blast_c_150",1,31,1
"1152","1","blast_c_150",2,32,0
"1153","1","blast_c_220",2,1,0
"1154","2","blast_c_220",1,2,0
"1155","2","blast_c_220",1,3,0
"1156","2","blast_c_220",2,4,1
"1157","2","blast_c_220",1,5,0
"1158","2","blast_c_220",2,6,1
"1159","1","blast_c_220",2,7,0
"1160","2","blast_c_220",1,8,0
"1161","1","blast_c_220",1,9,1
"1162","2","blast_c_220",2,10,1
"1163","1","blast_c_220",2,11,0
"1164","1","blast_c_220",1,12,1
"1165","2","blast_c_220",2,13,1
"1166","1","blast_c_220",1,14,1
"1167","1","blast_c_220",2,15,0
"1168","2","blast_c_220",1,16,0
"1169","2","blast_c_220",1,17,0
"1170","2","blast_c_220",2,18,1
"1171","1","blast_c_220",1,19,1
"1172","1","blast_c_220",2,20,0
"1173","2","blast_c_220",2,21,1
"1174","1","blast_c_220",1,22,1
"1175","2","blast_c_220",2,23,1
"1176","1","blast_c_220",1,24,1
"1177","2","blast_c_220",1,25,0
"1178","1","blast_c_220",2,26,0
"1179","2","blast_c_220",2,27,1
"1180","2","blast_c_220",1,28,0
"1181","1","blast_c_220",1,29,1
"1182","2","blast_c_220",2,30,1
"1183","2","blast_c_220",1,31,0
"1184","1","blast_c_220",2,32,0
"1185","1","blast_c_224",2,1,0
"1186","2","blast_c_224",1,2,0
"1187","1","blast_c_224",1,3,1
"1188","2","blast_c_224",2,4,1
"1189","1","blast_c_224",1,5,1
"1190","1","blast_c_224",2,6,0
"1191","1","blast_c_224",2,7,0
"1192","2","blast_c_224",1,8,0
"1193","2","blast_c_224",1,9,0
"1194","2","blast_c_224",2,10,1
"1195","1","blast_c_224",2,11,0
"1196","2","blast_c_224",1,12,0
"1197","1","blast_c_224",2,13,0
"1198","2","blast_c_224",1,14,0
"1199","2","blast_c_224",2,15,1
"1200","1","blast_c_224",1,16,1
"1201","2","blast_c_224",1,17,0
"1202","1","blast_c_224",2,18,0
"1203","1","blast_c_224",1,19,1
"1204","2","blast_c_224",2,20,1
"1205","2","blast_c_224",2,21,1
"1206","2","blast_c_224",1,22,0
"1207","1","blast_c_224",2,23,0
"1208","2","blast_c_224",1,24,0
"1209","1","blast_c_224",1,25,1
"1210","2","blast_c_224",2,26,1
"1211","2","blast_c_224",2,27,1
"1212","2","blast_c_224",1,28,0
"1213","1","blast_c_224",1,29,1
"1214","1","blast_c_224",2,30,0
"1215","1","blast_c_224",1,31,1
"1216","1","blast_c_224",2,32,0
"1217","2","blast_c_231",2,1,1
"1218","1","blast_c_231",1,2,1
"1219","2","blast_c_231",1,3,0
"1220","1","blast_c_231",2,4,0
"1221","1","blast_c_231",1,5,1
"1222","2","blast_c_231",2,6,1
"1223","2","blast_c_231",2,7,1
"1224","1","blast_c_231",1,8,1
"1225","1","blast_c_231",1,9,1
"1226","1","blast_c_231",2,10,0
"1227","1","blast_c_231",2,11,0
"1228","2","blast_c_231",1,12,0
"1229","2","blast_c_231",2,13,1
"1230","2","blast_c_231",1,14,0
"1231","1","blast_c_231",2,15,0
"1232","2","blast_c_231",1,16,0
"1233","1","blast_c_231",1,17,1
"1234","2","blast_c_231",2,18,1
"1235","1","blast_c_231",1,19,1
"1236","2","blast_c_231",2,20,1
"1237","1","blast_c_231",2,21,0
"1238","2","blast_c_231",1,22,0
"1239","1","blast_c_231",2,23,0
"1240","2","blast_c_231",1,24,0
"1241","1","blast_c_231",1,25,1
"1242","2","blast_c_231",2,26,1
"1243","1","blast_c_231",2,27,0
"1244","2","blast_c_231",1,28,0
"1245","1","blast_c_231",1,29,1
"1246","2","blast_c_231",2,30,1
"1247","2","blast_c_231",1,31,0
"1248","1","blast_c_231",2,32,0
"1249","1","blast_c_232",2,1,0
"1250","1","blast_c_232",1,2,1
"1251","1","blast_c_232",1,3,1
"1252","1","blast_c_232",2,4,0
"1253","2","blast_c_232",1,5,0
"1254","2","blast_c_232",2,6,1
"1255","2","blast_c_232",2,7,1
"1256","1","blast_c_232",1,8,1
"1257","1","blast_c_232",1,9,1
"1258","1","blast_c_232",2,10,0
"1259","2","blast_c_232",2,11,1
"1260","1","blast_c_232",1,12,1
"1261","2","blast_c_232",2,13,1
"1262","1","blast_c_232",1,14,1
"1263","2","blast_c_232",2,15,1
"1264","1","blast_c_232",1,16,1
"1265","1","blast_c_232",1,17,1
"1266","2","blast_c_232",2,18,1
"1267","1","blast_c_232",1,19,1
"1268","1","blast_c_232",2,20,0
"1269","1","blast_c_232",2,21,0
"1270","1","blast_c_232",1,22,1
"1271","2","blast_c_232",2,23,1
"1272","1","blast_c_232",1,24,1
"1273","1","blast_c_232",1,25,1
"1274","2","blast_c_232",2,26,1
"1275","1","blast_c_232",2,27,0
"1276","1","blast_c_232",1,28,1
"1277","2","blast_c_232",1,29,0
"1278","1","blast_c_232",2,30,0
"1279","1","blast_c_232",1,31,1
"1280","1","blast_c_232",2,32,0
"1281","2","blast_c_233",2,1,1
"1282","1","blast_c_233",1,2,1
"1283","1","blast_c_233",1,3,1
"1284","1","blast_c_233",2,4,0
"1285","1","blast_c_233",1,5,1
"1286","2","blast_c_233",2,6,1
"1287","2","blast_c_233",2,7,1
"1288","1","blast_c_233",1,8,1
"1289","1","blast_c_233",1,9,1
"1290","1","blast_c_233",2,10,0
"1291","2","blast_c_233",2,11,1
"1292","1","blast_c_233",1,12,1
"1293","2","blast_c_233",2,13,1
"1294","2","blast_c_233",1,14,0
"1295","2","blast_c_233",2,15,1
"1296","1","blast_c_233",1,16,1
"1297","1","blast_c_233",1,17,1
"1298","2","blast_c_233",2,18,1
"1299","1","blast_c_233",1,19,1
"1300","1","blast_c_233",2,20,0
"1301","1","blast_c_233",2,21,0
"1302","1","blast_c_233",1,22,1
"1303","2","blast_c_233",2,23,1
"1304","1","blast_c_233",1,24,1
"1305","1","blast_c_233",1,25,1
"1306","2","blast_c_233",2,26,1
"1307","2","blast_c_233",2,27,1
"1308","1","blast_c_233",1,28,1
"1309","2","blast_c_233",1,29,0
"1310","1","blast_c_233",2,30,0
"1311","2","blast_c_233",1,31,0
"1312","2","blast_c_233",2,32,1
"1313","2","blast_c_265",2,1,1
"1314","1","blast_c_265",1,2,1
"1315","1","blast_c_265",1,3,1
"1316","2","blast_c_265",2,4,1
"1317","1","blast_c_265",1,5,1
"1318","2","blast_c_265",2,6,1
"1319","2","blast_c_265",2,7,1
"1320","2","blast_c_265",1,8,0
"1321","1","blast_c_265",1,9,1
"1322","2","blast_c_265",2,10,1
"1323","1","blast_c_265",2,11,0
"1324","1","blast_c_265",1,12,1
"1325","2","blast_c_265",2,13,1
"1326","2","blast_c_265",1,14,0
"1327","1","blast_c_265",2,15,0
"1328","1","blast_c_265",1,16,1
"1329","1","blast_c_265",1,17,1
"1330","1","blast_c_265",2,18,0
"1331","1","blast_c_265",1,19,1
"1332","1","blast_c_265",2,20,0
"1333","2","blast_c_265",2,21,1
"1334","1","blast_c_265",1,22,1
"1335","2","blast_c_265",2,23,1
"1336","2","blast_c_265",1,24,0
"1337","2","blast_c_265",1,25,0
"1338","2","blast_c_265",2,26,1
"1339","1","blast_c_265",2,27,0
"1340","2","blast_c_265",1,28,0
"1341","1","blast_c_265",1,29,1
"1342","1","blast_c_265",2,30,0
"1343","1","blast_c_265",1,31,1
"1344","1","blast_c_265",2,32,0
"1345","1","blast_c_267",2,1,0
"1346","2","blast_c_267",1,2,0
"1347","1","blast_c_267",1,3,1
"1348","1","blast_c_267",2,4,0
"1349","2","blast_c_267",1,5,0
"1350","1","blast_c_267",2,6,0
"1351","1","blast_c_267",2,7,0
"1352","2","blast_c_267",1,8,0
"1353","2","blast_c_267",1,9,0
"1354","2","blast_c_267",2,10,1
"1355","1","blast_c_267",2,11,0
"1356","1","blast_c_267",1,12,1
"1357","1","blast_c_267",2,13,0
"1358","1","blast_c_267",1,14,1
"1359","2","blast_c_267",2,15,1
"1360","1","blast_c_267",1,16,1
"1361","2","blast_c_267",1,17,0
"1362","1","blast_c_267",2,18,0
"1363","2","blast_c_267",1,19,0
"1364","1","blast_c_267",2,20,0
"1365","2","blast_c_267",2,21,1
"1366","1","blast_c_267",1,22,1
"1367","2","blast_c_267",2,23,1
"1368","2","blast_c_267",1,24,0
"1369","1","blast_c_267",1,25,1
"1370","2","blast_c_267",2,26,1
"1371","2","blast_c_267",2,27,1
"1372","2","blast_c_267",1,28,0
"1373","1","blast_c_267",1,29,1
"1374","2","blast_c_267",2,30,1
"1375","2","blast_c_267",1,31,0
"1376","2","blast_c_267",2,32,1
"1377","1","blast_c_268",2,1,0
"1378","2","blast_c_268",1,2,0
"1379","1","blast_c_268",1,3,1
"1380","2","blast_c_268",2,4,1
"1381","1","blast_c_268",1,5,1
"1382","2","blast_c_268",2,6,1
"1383","2","blast_c_268",2,7,1
"1384","2","blast_c_268",1,8,0
"1385","1","blast_c_268",1,9,1
"1386","2","blast_c_268",2,10,1
"1387","1","blast_c_268",2,11,0
"1388","1","blast_c_268",1,12,1
"1389","1","blast_c_268",2,13,0
"1390","2","blast_c_268",1,14,0
"1391","1","blast_c_268",2,15,0
"1392","1","blast_c_268",1,16,1
"1393","1","blast_c_268",1,17,1
"1394","2","blast_c_268",2,18,1
"1395","2","blast_c_268",1,19,0
"1396","2","blast_c_268",2,20,1
"1397","1","blast_c_268",2,21,0
"1398","2","blast_c_268",1,22,0
"1399","2","blast_c_268",2,23,1
"1400","1","blast_c_268",1,24,1
"1401","2","blast_c_268",1,25,0
"1402","2","blast_c_268",2,26,1
"1403","1","blast_c_268",2,27,0
"1404","2","blast_c_268",1,28,0
"1405","2","blast_c_268",1,29,0
"1406","1","blast_c_268",2,30,0
"1407","2","blast_c_268",1,31,0
"1408","2","blast_c_268",2,32,1
"1409","1","blast_c_406",2,1,0
"1410","2","blast_c_406",1,2,0
"1411","2","blast_c_406",1,3,0
"1412","1","blast_c_406",2,4,0
"1413","1","blast_c_406",1,5,1
"1414","1","blast_c_406",2,6,0
"1415","1","blast_c_406",2,7,0
"1416","1","blast_c_406",1,8,1
"1417","1","blast_c_406",1,9,1
"1418","2","blast_c_406",2,10,1
"1419","1","blast_c_406",2,11,0
"1420","2","blast_c_406",1,12,0
"1421","1","blast_c_406",2,13,0
"1422","1","blast_c_406",1,14,1
"1423","2","blast_c_406",2,15,1
"1424","1","blast_c_406",1,16,1
"1425","2","blast_c_406",1,17,0
"1426","1","blast_c_406",2,18,0
"1427","1","blast_c_406",1,19,1
"1428","1","blast_c_406",2,20,0
"1429","2","blast_c_406",2,21,1
"1430","1","blast_c_406",1,22,1
"1431","1","blast_c_406",2,23,0
"1432","2","blast_c_406",1,24,0
"1433","1","blast_c_406",1,25,1
"1434","2","blast_c_406",2,26,1
"1435","2","blast_c_406",2,27,1
"1436","1","blast_c_406",1,28,1
"1437","2","blast_c_406",1,29,0
"1438","1","blast_c_406",2,30,0
"1439","2","blast_c_406",1,31,0
"1440","1","blast_c_406",2,32,0
"1441","2","blast_c_409",2,1,1
"1442","1","blast_c_409",1,2,1
"1443","1","blast_c_409",1,3,1
"1444","2","blast_c_409",2,4,1
"1445","1","blast_c_409",1,5,1
"1446","2","blast_c_409",2,6,1
"1447","2","blast_c_409",2,7,1
"1448","1","blast_c_409",1,8,1
"1449","1","blast_c_409",1,9,1
"1450","1","blast_c_409",2,10,0
"1451","2","blast_c_409",2,11,1
"1452","1","blast_c_409",1,12,1
"1453","2","blast_c_409",2,13,1
"1454","1","blast_c_409",1,14,1
"1455","1","blast_c_409",2,15,0
"1456","1","blast_c_409",1,16,1
"1457","1","blast_c_409",1,17,1
"1458","2","blast_c_409",2,18,1
"1459","2","blast_c_409",1,19,0
"1460","1","blast_c_409",2,20,0
"1461","2","blast_c_409",2,21,1
"1462","2","blast_c_409",1,22,0
"1463","1","blast_c_409",2,23,0
"1464","1","blast_c_409",1,24,1
"1465","2","blast_c_409",1,25,0
"1466","1","blast_c_409",2,26,0
"1467","2","blast_c_409",2,27,1
"1468","1","blast_c_409",1,28,1
"1469","1","blast_c_409",1,29,1
"1470","1","blast_c_409",2,30,0
"1471","1","blast_c_409",1,31,1
"1472","1","blast_c_409",2,32,0
"1473","2","blast_c_410",2,1,1
"1474","2","blast_c_410",1,2,0
"1475","2","blast_c_410",1,3,0
"1476","2","blast_c_410",2,4,1
"1477","2","blast_c_410",1,5,0
"1478","1","blast_c_410",2,6,0
"1479","2","blast_c_410",2,7,1
"1480","1","blast_c_410",1,8,1
"1481","2","blast_c_410",1,9,0
"1482","2","blast_c_410",2,10,1
"1483","1","blast_c_410",2,11,0
"1484","2","blast_c_410",1,12,0
"1485","2","blast_c_410",2,13,1
"1486","1","blast_c_410",1,14,1
"1487","2","blast_c_410",2,15,1
"1488","2","blast_c_410",1,16,0
"1489","1","blast_c_410",1,17,1
"1490","2","blast_c_410",2,18,1
"1491","1","blast_c_410",1,19,1
"1492","2","blast_c_410",2,20,1
"1493","2","blast_c_410",2,21,1
"1494","2","blast_c_410",1,22,0
"1495","2","blast_c_410",2,23,1
"1496","2","blast_c_410",1,24,0
"1497","2","blast_c_410",1,25,0
"1498","2","blast_c_410",2,26,1
"1499","2","blast_c_410",2,27,1
"1500","2","blast_c_410",1,28,0
"1501","2","blast_c_410",1,29,0
"1502","2","blast_c_410",2,30,1
"1503","2","blast_c_410",1,31,0
"1504","2","blast_c_410",2,32,1
"1505","2","blast_c_420",2,1,1
"1506","1","blast_c_420",1,2,1
"1507","1","blast_c_420",1,3,1
"1508","1","blast_c_420",2,4,0
"1509","2","blast_c_420",1,5,0
"1510","2","blast_c_420",2,6,1
"1511","1","blast_c_420",2,7,0
"1512","2","blast_c_420",1,8,0
"1513","1","blast_c_420",1,9,1
"1514","1","blast_c_420",2,10,0
"1515","2","blast_c_420",2,11,1
"1516","1","blast_c_420",1,12,1
"1517","2","blast_c_420",2,13,1
"1518","2","blast_c_420",1,14,0
"1519","2","blast_c_420",2,15,1
"1520","1","blast_c_420",1,16,1
"1521","2","blast_c_420",1,17,0
"1522","1","blast_c_420",2,18,0
"1523","2","blast_c_420",1,19,0
"1524","1","blast_c_420",2,20,0
"1525","2","blast_c_420",2,21,1
"1526","1","blast_c_420",1,22,1
"1527","1","blast_c_420",2,23,0
"1528","2","blast_c_420",1,24,0
"1529","2","blast_c_420",1,25,0
"1530","2","blast_c_420",2,26,1
"1531","1","blast_c_420",2,27,0
"1532","1","blast_c_420",1,28,1
"1533","2","blast_c_420",1,29,0
"1534","1","blast_c_420",2,30,0
"1535","2","blast_c_420",1,31,0
"1536","1","blast_c_420",2,32,0
"1537","2","blast_c_421",2,1,1
"1538","2","blast_c_421",1,2,0
"1539","2","blast_c_421",1,3,0
"1540","1","blast_c_421",2,4,0
"1541","1","blast_c_421",1,5,1
"1542","1","blast_c_421",2,6,0
"1543","1","blast_c_421",2,7,0
"1544","2","blast_c_421",1,8,0
"1545","2","blast_c_421",1,9,0
"1546","2","blast_c_421",2,10,1
"1547","2","blast_c_421",2,11,1
"1548","1","blast_c_421",1,12,1
"1549","2","blast_c_421",2,13,1
"1550","1","blast_c_421",1,14,1
"1551","2","blast_c_421",2,15,1
"1552","1","blast_c_421",1,16,1
"1553","2","blast_c_421",1,17,0
"1554","2","blast_c_421",2,18,1
"1555","1","blast_c_421",1,19,1
"1556","2","blast_c_421",2,20,1
"1557","2","blast_c_421",2,21,1
"1558","2","blast_c_421",1,22,0
"1559","2","blast_c_421",2,23,1
"1560","2","blast_c_421",1,24,0
"1561","2","blast_c_421",1,25,0
"1562","1","blast_c_421",2,26,0
"1563","2","blast_c_421",2,27,1
"1564","1","blast_c_421",1,28,1
"1565","2","blast_c_421",1,29,0
"1566","1","blast_c_421",2,30,0
"1567","2","blast_c_421",1,31,0
"1568","1","blast_c_421",2,32,0
"1569","1","blast_c_423",2,1,0
"1570","2","blast_c_423",1,2,0
"1571","1","blast_c_423",1,3,1
"1572","2","blast_c_423",2,4,1
"1573","2","blast_c_423",1,5,0
"1574","1","blast_c_423",2,6,0
"1575","1","blast_c_423",2,7,0
"1576","2","blast_c_423",1,8,0
"1577","1","blast_c_423",1,9,1
"1578","1","blast_c_423",2,10,0
"1579","2","blast_c_423",2,11,1
"1580","1","blast_c_423",1,12,1
"1581","2","blast_c_423",2,13,1
"1582","1","blast_c_423",1,14,1
"1583","2","blast_c_423",2,15,1
"1584","1","blast_c_423",1,16,1
"1585","2","blast_c_423",1,17,0
"1586","1","blast_c_423",2,18,0
"1587","2","blast_c_423",1,19,0
"1588","1","blast_c_423",2,20,0
"1589","1","blast_c_423",2,21,0
"1590","2","blast_c_423",1,22,0
"1591","2","blast_c_423",2,23,1
"1592","1","blast_c_423",1,24,1
"1593","2","blast_c_423",1,25,0
"1594","2","blast_c_423",2,26,1
"1595","1","blast_c_423",2,27,0
"1596","1","blast_c_423",1,28,1
"1597","2","blast_c_423",1,29,0
"1598","1","blast_c_423",2,30,0
"1599","1","blast_c_423",1,31,1
"1600","1","blast_c_423",2,32,0
"1601","2","blast_c_426",2,1,1
"1602","2","blast_c_426",1,2,0
"1603","2","blast_c_426",1,3,0
"1604","2","blast_c_426",2,4,1
"1605","1","blast_c_426",1,5,1
"1606","2","blast_c_426",2,6,1
"1607","2","blast_c_426",2,7,1
"1608","2","blast_c_426",1,8,0
"1609","1","blast_c_426",1,9,1
"1610","1","blast_c_426",2,10,0
"1611","2","blast_c_426",2,11,1
"1612","1","blast_c_426",1,12,1
"1613","2","blast_c_426",2,13,1
"1614","2","blast_c_426",1,14,0
"1615","1","blast_c_426",2,15,0
"1616","2","blast_c_426",1,16,0
"1617","1","blast_c_426",1,17,1
"1618","2","blast_c_426",2,18,1
"1619","2","blast_c_426",1,19,0
"1620","2","blast_c_426",2,20,1
"1621","2","blast_c_426",2,21,1
"1622","1","blast_c_426",1,22,1
"1623","2","blast_c_426",2,23,1
"1624","1","blast_c_426",1,24,1
"1625","2","blast_c_426",1,25,0
"1626","2","blast_c_426",2,26,1
"1627","1","blast_c_426",2,27,0
"1628","2","blast_c_426",1,28,0
"1629","2","blast_c_426",1,29,0
"1630","1","blast_c_426",2,30,0
"1631","2","blast_c_426",1,31,0
"1632","1","blast_c_426",2,32,0
"1633","1","blast_c_428",2,1,0
"1634","1","blast_c_428",1,2,1
"1635","2","blast_c_428",1,3,0
"1636","2","blast_c_428",2,4,1
"1637","1","blast_c_428",1,5,1
"1638","2","blast_c_428",2,6,1
"1639","2","blast_c_428",2,7,1
"1640","1","blast_c_428",1,8,1
"1641","2","blast_c_428",1,9,0
"1642","1","blast_c_428",2,10,0
"1643","2","blast_c_428",2,11,1
"1644","1","blast_c_428",1,12,1
"1645","2","blast_c_428",2,13,1
"1646","1","blast_c_428",1,14,1
"1647","1","blast_c_428",2,15,0
"1648","1","blast_c_428",1,16,1
"1649","1","blast_c_428",1,17,1
"1650","2","blast_c_428",2,18,1
"1651","1","blast_c_428",1,19,1
"1652","2","blast_c_428",2,20,1
"1653","1","blast_c_428",2,21,0
"1654","1","blast_c_428",1,22,1
"1655","2","blast_c_428",2,23,1
"1656","1","blast_c_428",1,24,1
"1657","2","blast_c_428",1,25,0
"1658","2","blast_c_428",2,26,1
"1659","1","blast_c_428",2,27,0
"1660","1","blast_c_428",1,28,1
"1661","1","blast_c_428",1,29,1
"1662","2","blast_c_428",2,30,1
"1663","1","blast_c_428",1,31,1
"1664","2","blast_c_428",2,32,1
"1665","1","blast_c_429",2,1,0
"1666","1","blast_c_429",1,2,1
"1667","1","blast_c_429",1,3,1
"1668","1","blast_c_429",2,4,0
"1669","1","blast_c_429",1,5,1
"1670","1","blast_c_429",2,6,0
"1671","1","blast_c_429",2,7,0
"1672","1","blast_c_429",1,8,1
"1673","1","blast_c_429",1,9,1
"1674","1","blast_c_429",2,10,0
"1675","1","blast_c_429",2,11,0
"1676","1","blast_c_429",1,12,1
"1677","1","blast_c_429",2,13,0
"1678","1","blast_c_429",1,14,1
"1679","1","blast_c_429",2,15,0
"1680","1","blast_c_429",1,16,1
"1681","1","blast_c_429",1,17,1
"1682","1","blast_c_429",2,18,0
"1683","1","blast_c_429",1,19,1
"1684","1","blast_c_429",2,20,0
"1685","1","blast_c_429",2,21,0
"1686","1","blast_c_429",1,22,1
"1687","1","blast_c_429",2,23,0
"1688","1","blast_c_429",1,24,1
"1689","1","blast_c_429",1,25,1
"1690","1","blast_c_429",2,26,0
"1691","1","blast_c_429",2,27,0
"1692","1","blast_c_429",1,28,1
"1693","1","blast_c_429",1,29,1
"1694","1","blast_c_429",2,30,0
"1695","1","blast_c_429",1,31,1
"1696","1","blast_c_429",2,32,0
"1697","1","blast_c_438",2,1,0
"1698","1","blast_c_438",1,2,1
"1699","1","blast_c_438",1,3,1
"1700","1","blast_c_438",2,4,0
"1701","2","blast_c_438",1,5,0
"1702","1","blast_c_438",2,6,0
"1703","1","blast_c_438",2,7,0
"1704","1","blast_c_438",1,8,1
"1705","1","blast_c_438",1,9,1
"1706","2","blast_c_438",2,10,1
"1707","1","blast_c_438",2,11,0
"1708","2","blast_c_438",1,12,0
"1709","2","blast_c_438",2,13,1
"1710","2","blast_c_438",1,14,0
"1711","1","blast_c_438",2,15,0
"1712","1","blast_c_438",1,16,1
"1713","2","blast_c_438",1,17,0
"1714","1","blast_c_438",2,18,0
"1715","2","blast_c_438",1,19,0
"1716","1","blast_c_438",2,20,0
"1717","1","blast_c_438",2,21,0
"1718","1","blast_c_438",1,22,1
"1719","2","blast_c_438",2,23,1
"1720","1","blast_c_438",1,24,1
"1721","2","blast_c_438",1,25,0
"1722","1","blast_c_438",2,26,0
"1723","1","blast_c_438",2,27,0
"1724","2","blast_c_438",1,28,0
"1725","1","blast_c_438",1,29,1
"1726","1","blast_c_438",2,30,0
"1727","1","blast_c_438",1,31,1
"1728","1","blast_c_438",2,32,0
"1729","2","blast_c_439",2,1,1
"1730","1","blast_c_439",1,2,1
"1731","1","blast_c_439",1,3,1
"1732","2","blast_c_439",2,4,1
"1733","2","blast_c_439",1,5,0
"1734","2","blast_c_439",2,6,1
"1735","2","blast_c_439",2,7,1
"1736","2","blast_c_439",1,8,0
"1737","1","blast_c_439",1,9,1
"1738","2","blast_c_439",2,10,1
"1739","2","blast_c_439",2,11,1
"1740","2","blast_c_439",1,12,0
"1741","1","blast_c_439",2,13,0
"1742","1","blast_c_439",1,14,1
"1743","1","blast_c_439",2,15,0
"1744","1","blast_c_439",1,16,1
"1745","2","blast_c_439",1,17,0
"1746","2","blast_c_439",2,18,1
"1747","2","blast_c_439",1,19,0
"1748","1","blast_c_439",2,20,0
"1749","1","blast_c_439",2,21,0
"1750","1","blast_c_439",1,22,1
"1751","1","blast_c_439",2,23,0
"1752","1","blast_c_439",1,24,1
"1753","1","blast_c_439",1,25,1
"1754","2","blast_c_439",2,26,1
"1755","2","blast_c_439",2,27,1
"1756","1","blast_c_439",1,28,1
"1757","1","blast_c_439",1,29,1
"1758","1","blast_c_439",2,30,0
"1759","1","blast_c_439",1,31,1
"1760","1","blast_c_439",2,32,0
"1761","2","blast_c_440",2,1,1
"1762","2","blast_c_440",1,2,0
"1763","1","blast_c_440",1,3,1
"1764","1","blast_c_440",2,4,0
"1765","2","blast_c_440",1,5,0
"1766","1","blast_c_440",2,6,0
"1767","2","blast_c_440",2,7,1
"1768","1","blast_c_440",1,8,1
"1769","1","blast_c_440",1,9,1
"1770","2","blast_c_440",2,10,1
"1771","2","blast_c_440",2,11,1
"1772","1","blast_c_440",1,12,1
"1773","1","blast_c_440",2,13,0
"1774","2","blast_c_440",1,14,0
"1775","2","blast_c_440",2,15,1
"1776","1","blast_c_440",1,16,1
"1777","2","blast_c_440",1,17,0
"1778","2","blast_c_440",2,18,1
"1779","1","blast_c_440",1,19,1
"1780","2","blast_c_440",2,20,1
"1781","2","blast_c_440",2,21,1
"1782","1","blast_c_440",1,22,1
"1783","2","blast_c_440",2,23,1
"1784","2","blast_c_440",1,24,0
"1785","1","blast_c_440",1,25,1
"1786","1","blast_c_440",2,26,0
"1787","2","blast_c_440",2,27,1
"1788","1","blast_c_440",1,28,1
"1789","2","blast_c_440",1,29,0
"1790","2","blast_c_440",2,30,1
"1791","1","blast_c_440",1,31,1
"1792","2","blast_c_440",2,32,1
"1793","2","blast_c_444",2,1,1
"1794","1","blast_c_444",1,2,1
"1795","2","blast_c_444",1,3,0
"1796","1","blast_c_444",2,4,0
"1797","1","blast_c_444",1,5,1
"1798","2","blast_c_444",2,6,1
"1799","2","blast_c_444",2,7,1
"1800","2","blast_c_444",1,8,0
"1801","1","blast_c_444",1,9,1
"1802","1","blast_c_444",2,10,0
"1803","1","blast_c_444",2,11,0
"1804","2","blast_c_444",1,12,0
"1805","1","blast_c_444",2,13,0
"1806","2","blast_c_444",1,14,0
"1807","1","blast_c_444",2,15,0
"1808","2","blast_c_444",1,16,0
"1809","1","blast_c_444",1,17,1
"1810","2","blast_c_444",2,18,1
"1811","2","blast_c_444",1,19,0
"1812","2","blast_c_444",2,20,1
"1813","1","blast_c_444",2,21,0
"1814","2","blast_c_444",1,22,0
"1815","2","blast_c_444",2,23,1
"1816","1","blast_c_444",1,24,1
"1817","2","blast_c_444",1,25,0
"1818","1","blast_c_444",2,26,0
"1819","1","blast_c_444",2,27,0
"1820","2","blast_c_444",1,28,0
"1821","1","blast_c_444",1,29,1
"1822","2","blast_c_444",2,30,1
"1823","1","blast_c_444",1,31,1
"1824","1","blast_c_444",2,32,0
"1825","2","blast_c_449",2,1,1
"1826","2","blast_c_449",1,2,0
"1827","2","blast_c_449",1,3,0
"1828","2","blast_c_449",2,4,1
"1829","2","blast_c_449",1,5,0
"1830","1","blast_c_449",2,6,0
"1831","2","blast_c_449",2,7,1
"1832","1","blast_c_449",1,8,1
"1833","1","blast_c_449",1,9,1
"1834","1","blast_c_449",2,10,0
"1835","2","blast_c_449",2,11,1
"1836","2","blast_c_449",1,12,0
"1837","2","blast_c_449",2,13,1
"1838","1","blast_c_449",1,14,1
"1839","1","blast_c_449",2,15,0
"1840","1","blast_c_449",1,16,1
"1841","1","blast_c_449",1,17,1
"1842","2","blast_c_449",2,18,1
"1843","1","blast_c_449",1,19,1
"1844","2","blast_c_449",2,20,1
"1845","2","blast_c_449",2,21,1
"1846","1","blast_c_449",1,22,1
"1847","1","blast_c_449",2,23,0
"1848","1","blast_c_449",1,24,1
"1849","2","blast_c_449",1,25,0
"1850","1","blast_c_449",2,26,0
"1851","2","blast_c_449",2,27,1
"1852","1","blast_c_449",1,28,1
"1853","2","blast_c_449",1,29,0
"1854","1","blast_c_449",2,30,0
"1855","2","blast_c_449",1,31,0
"1856","2","blast_c_449",2,32,1
"1857","2","blast_c_450",2,1,1
"1858","2","blast_c_450",1,2,0
"1859","1","blast_c_450",1,3,1
"1860","2","blast_c_450",2,4,1
"1861","1","blast_c_450",1,5,1
"1862","2","blast_c_450",2,6,1
"1863","2","blast_c_450",2,7,1
"1864","2","blast_c_450",1,8,0
"1865","2","blast_c_450",1,9,0
"1866","1","blast_c_450",2,10,0
"1867","2","blast_c_450",2,11,1
"1868","1","blast_c_450",1,12,1
"1869","2","blast_c_450",2,13,1
"1870","1","blast_c_450",1,14,1
"1871","2","blast_c_450",2,15,1
"1872","1","blast_c_450",1,16,1
"1873","1","blast_c_450",1,17,1
"1874","2","blast_c_450",2,18,1
"1875","1","blast_c_450",1,19,1
"1876","1","blast_c_450",2,20,0
"1877","2","blast_c_450",2,21,1
"1878","1","blast_c_450",1,22,1
"1879","2","blast_c_450",2,23,1
"1880","1","blast_c_450",1,24,1
"1881","2","blast_c_450",1,25,0
"1882","2","blast_c_450",2,26,1
"1883","2","blast_c_450",2,27,1
"1884","1","blast_c_450",1,28,1
"1885","1","blast_c_450",1,29,1
"1886","1","blast_c_450",2,30,0
"1887","1","blast_c_450",1,31,1
"1888","2","blast_c_450",2,32,1
"1889","2","blast_c_451",2,1,1
"1890","1","blast_c_451",1,2,1
"1891","1","blast_c_451",1,3,1
"1892","2","blast_c_451",2,4,1
"1893","2","blast_c_451",1,5,0
"1894","1","blast_c_451",2,6,0
"1895","2","blast_c_451",2,7,1
"1896","2","blast_c_451",1,8,0
"1897","1","blast_c_451",1,9,1
"1898","1","blast_c_451",2,10,0
"1899","2","blast_c_451",2,11,1
"1900","1","blast_c_451",1,12,1
"1901","2","blast_c_451",2,13,1
"1902","2","blast_c_451",1,14,0
"1903","2","blast_c_451",2,15,1
"1904","1","blast_c_451",1,16,1
"1905","1","blast_c_451",1,17,1
"1906","1","blast_c_451",2,18,0
"1907","2","blast_c_451",1,19,0
"1908","2","blast_c_451",2,20,1
"1909","1","blast_c_451",2,21,0
"1910","1","blast_c_451",1,22,1
"1911","1","blast_c_451",2,23,0
"1912","1","blast_c_451",1,24,1
"1913","1","blast_c_451",1,25,1
"1914","2","blast_c_451",2,26,1
"1915","2","blast_c_451",2,27,1
"1916","1","blast_c_451",1,28,1
"1917","1","blast_c_451",1,29,1
"1918","1","blast_c_451",2,30,0
"1919","1","blast_c_451",1,31,1
"1920","2","blast_c_451",2,32,1
"1921","2","blast_c_454",2,1,1
"1922","1","blast_c_454",1,2,1
"1923","2","blast_c_454",1,3,0
"1924","2","blast_c_454",2,4,1
"1925","1","blast_c_454",1,5,1
"1926","2","blast_c_454",2,6,1
"1927","2","blast_c_454",2,7,1
"1928","2","blast_c_454",1,8,0
"1929","1","blast_c_454",1,9,1
"1930","1","blast_c_454",2,10,0
"1931","2","blast_c_454",2,11,1
"1932","1","blast_c_454",1,12,1
"1933","2","blast_c_454",2,13,1
"1934","2","blast_c_454",1,14,0
"1935","2","blast_c_454",2,15,1
"1936","1","blast_c_454",1,16,1
"1937","1","blast_c_454",1,17,1
"1938","2","blast_c_454",2,18,1
"1939","1","blast_c_454",1,19,1
"1940","2","blast_c_454",2,20,1
"1941","2","blast_c_454",2,21,1
"1942","1","blast_c_454",1,22,1
"1943","2","blast_c_454",2,23,1
"1944","1","blast_c_454",1,24,1
"1945","2","blast_c_454",1,25,0
"1946","2","blast_c_454",2,26,1
"1947","1","blast_c_454",2,27,0
"1948","1","blast_c_454",1,28,1
"1949","1","blast_c_454",1,29,1
"1950","2","blast_c_454",2,30,1
"1951","1","blast_c_454",1,31,1
"1952","2","blast_c_454",2,32,1
"1953","1","blast_c_456",2,1,0
"1954","1","blast_c_456",1,2,1
"1955","2","blast_c_456",1,3,0
"1956","1","blast_c_456",2,4,0
"1957","2","blast_c_456",1,5,0
"1958","2","blast_c_456",2,6,1
"1959","1","blast_c_456",2,7,0
"1960","1","blast_c_456",1,8,1
"1961","1","blast_c_456",1,9,1
"1962","2","blast_c_456",2,10,1
"1963","1","blast_c_456",2,11,0
"1964","2","blast_c_456",1,12,0
"1965","1","blast_c_456",2,13,0
"1966","1","blast_c_456",1,14,1
"1967","2","blast_c_456",2,15,1
"1968","1","blast_c_456",1,16,1
"1969","2","blast_c_456",1,17,0
"1970","1","blast_c_456",2,18,0
"1971","1","blast_c_456",1,19,1
"1972","1","blast_c_456",2,20,0
"1973","2","blast_c_456",2,21,1
"1974","2","blast_c_456",1,22,0
"1975","2","blast_c_456",2,23,1
"1976","2","blast_c_456",1,24,0
"1977","1","blast_c_456",1,25,1
"1978","2","blast_c_456",2,26,1
"1979","2","blast_c_456",2,27,1
"1980","1","blast_c_456",1,28,1
"1981","2","blast_c_456",1,29,0
"1982","1","blast_c_456",2,30,0
"1983","2","blast_c_456",1,31,0
"1984","1","blast_c_456",2,32,0
"1985","1","blast_c_457",2,1,0
"1986","1","blast_c_457",1,2,1
"1987","2","blast_c_457",1,3,0
"1988","2","blast_c_457",2,4,1
"1989","1","blast_c_457",1,5,1
"1990","2","blast_c_457",2,6,1
"1991","2","blast_c_457",2,7,1
"1992","1","blast_c_457",1,8,1
"1993","2","blast_c_457",1,9,0
"1994","1","blast_c_457",2,10,0
"1995","2","blast_c_457",2,11,1
"1996","1","blast_c_457",1,12,1
"1997","1","blast_c_457",2,13,0
"1998","1","blast_c_457",1,14,1
"1999","1","blast_c_457",2,15,0
"2000","1","blast_c_457",1,16,1
"2001","1","blast_c_457",1,17,1
"2002","1","blast_c_457",2,18,0
"2003","1","blast_c_457",1,19,1
"2004","2","blast_c_457",2,20,1
"2005","2","blast_c_457",2,21,1
"2006","2","blast_c_457",1,22,0
"2007","2","blast_c_457",2,23,1
"2008","2","blast_c_457",1,24,0
"2009","1","blast_c_457",1,25,1
"2010","2","blast_c_457",2,26,1
"2011","2","blast_c_457",2,27,1
"2012","2","blast_c_457",1,28,0
"2013","1","blast_c_457",1,29,1
"2014","2","blast_c_457",2,30,1
"2015","1","blast_c_457",1,31,1
"2016","1","blast_c_457",2,32,0
"2017","1","blast_c_462",2,1,0
"2018","2","blast_c_462",1,2,0
"2019","1","blast_c_462",1,3,1
"2020","2","blast_c_462",2,4,1
"2021","1","blast_c_462",1,5,1
"2022","2","blast_c_462",2,6,1
"2023","1","blast_c_462",2,7,0
"2024","2","blast_c_462",1,8,0
"2025","1","blast_c_462",1,9,1
"2026","2","blast_c_462",2,10,1
"2027","1","blast_c_462",2,11,0
"2028","2","blast_c_462",1,12,0
"2029","1","blast_c_462",2,13,0
"2030","2","blast_c_462",1,14,0
"2031","1","blast_c_462",2,15,0
"2032","2","blast_c_462",1,16,0
"2033","1","blast_c_462",1,17,1
"2034","2","blast_c_462",2,18,1
"2035","1","blast_c_462",1,19,1
"2036","1","blast_c_462",2,20,0
"2037","2","blast_c_462",2,21,1
"2038","1","blast_c_462",1,22,1
"2039","2","blast_c_462",2,23,1
"2040","1","blast_c_462",1,24,1
"2041","2","blast_c_462",1,25,0
"2042","1","blast_c_462",2,26,0
"2043","2","blast_c_462",2,27,1
"2044","1","blast_c_462",1,28,1
"2045","2","blast_c_462",1,29,0
"2046","1","blast_c_462",2,30,0
"2047","2","blast_c_462",1,31,0
"2048","1","blast_c_462",2,32,0
"2049","1","blast_c_467",2,1,0
"2050","1","blast_c_467",1,2,1
"2051","1","blast_c_467",1,3,1
"2052","1","blast_c_467",2,4,0
"2053","1","blast_c_467",1,5,1
"2054","1","blast_c_467",2,6,0
"2055","1","blast_c_467",2,7,0
"2056","1","blast_c_467",1,8,1
"2057","1","blast_c_467",1,9,1
"2058","2","blast_c_467",2,10,1
"2059","1","blast_c_467",2,11,0
"2060","1","blast_c_467",1,12,1
"2061","1","blast_c_467",2,13,0
"2062","1","blast_c_467",1,14,1
"2063","2","blast_c_467",2,15,1
"2064","2","blast_c_467",1,16,0
"2065","2","blast_c_467",1,17,0
"2066","2","blast_c_467",2,18,1
"2067","2","blast_c_467",1,19,0
"2068","2","blast_c_467",2,20,1
"2069","1","blast_c_467",2,21,0
"2070","1","blast_c_467",1,22,1
"2071","2","blast_c_467",2,23,1
"2072","2","blast_c_467",1,24,0
"2073","1","blast_c_467",1,25,1
"2074","1","blast_c_467",2,26,0
"2075","2","blast_c_467",2,27,1
"2076","1","blast_c_467",1,28,1
"2077","2","blast_c_467",1,29,0
"2078","1","blast_c_467",2,30,0
"2079","1","blast_c_467",1,31,1
"2080","1","blast_c_467",2,32,0
"2081","1","blast_c_470",2,1,0
"2082","2","blast_c_470",1,2,0
"2083","1","blast_c_470",1,3,1
"2084","2","blast_c_470",2,4,1
"2085","1","blast_c_470",1,5,1
"2086","2","blast_c_470",2,6,1
"2087","1","blast_c_470",2,7,0
"2088","1","blast_c_470",1,8,1
"2089","1","blast_c_470",1,9,1
"2090","2","blast_c_470",2,10,1
"2091","2","blast_c_470",2,11,1
"2092","2","blast_c_470",1,12,0
"2093","1","blast_c_470",2,13,0
"2094","1","blast_c_470",1,14,1
"2095","1","blast_c_470",2,15,0
"2096","1","blast_c_470",1,16,1
"2097","2","blast_c_470",1,17,0
"2098","2","blast_c_470",2,18,1
"2099","2","blast_c_470",1,19,0
"2100","2","blast_c_470",2,20,1
"2101","1","blast_c_470",2,21,0
"2102","2","blast_c_470",1,22,0
"2103","1","blast_c_470",2,23,0
"2104","2","blast_c_470",1,24,0
"2105","1","blast_c_470",1,25,1
"2106","1","blast_c_470",2,26,0
"2107","2","blast_c_470",2,27,1
"2108","2","blast_c_470",1,28,0
"2109","1","blast_c_470",1,29,1
"2110","1","blast_c_470",2,30,0
"2111","2","blast_c_470",1,31,0
"2112","2","blast_c_470",2,32,1
"2113","1","blast_c_475",2,1,0
"2114","2","blast_c_475",1,2,0
"2115","1","blast_c_475",1,3,1
"2116","1","blast_c_475",2,4,0
"2117","2","blast_c_475",1,5,0
"2118","1","blast_c_475",2,6,0
"2119","2","blast_c_475",2,7,1
"2120","2","blast_c_475",1,8,0
"2121","1","blast_c_475",1,9,1
"2122","2","blast_c_475",2,10,1
"2123","2","blast_c_475",2,11,1
"2124","2","blast_c_475",1,12,0
"2125","1","blast_c_475",2,13,0
"2126","1","blast_c_475",1,14,1
"2127","2","blast_c_475",2,15,1
"2128","1","blast_c_475",1,16,1
"2129","1","blast_c_475",1,17,1
"2130","2","blast_c_475",2,18,1
"2131","2","blast_c_475",1,19,0
"2132","1","blast_c_475",2,20,0
"2133","2","blast_c_475",2,21,1
"2134","2","blast_c_475",1,22,0
"2135","1","blast_c_475",2,23,0
"2136","2","blast_c_475",1,24,0
"2137","1","blast_c_475",1,25,1
"2138","2","blast_c_475",2,26,1
"2139","1","blast_c_475",2,27,0
"2140","2","blast_c_475",1,28,0
"2141","1","blast_c_475",1,29,1
"2142","2","blast_c_475",2,30,1
"2143","2","blast_c_475",1,31,0
"2144","2","blast_c_475",2,32,1
"2145","2","blast_c_478",2,1,1
"2146","2","blast_c_478",1,2,0
"2147","2","blast_c_478",1,3,0
"2148","2","blast_c_478",2,4,1
"2149","2","blast_c_478",1,5,0
"2150","2","blast_c_478",2,6,1
"2151","2","blast_c_478",2,7,1
"2152","2","blast_c_478",1,8,0
"2153","2","blast_c_478",1,9,0
"2154","1","blast_c_478",2,10,0
"2155","2","blast_c_478",2,11,1
"2156","2","blast_c_478",1,12,0
"2157","2","blast_c_478",2,13,1
"2158","1","blast_c_478",1,14,1
"2159","2","blast_c_478",2,15,1
"2160","2","blast_c_478",1,16,0
"2161","2","blast_c_478",1,17,0
"2162","2","blast_c_478",2,18,1
"2163","2","blast_c_478",1,19,0
"2164","2","blast_c_478",2,20,1
"2165","2","blast_c_478",2,21,1
"2166","2","blast_c_478",1,22,0
"2167","2","blast_c_478",2,23,1
"2168","2","blast_c_478",1,24,0
"2169","2","blast_c_478",1,25,0
"2170","2","blast_c_478",2,26,1
"2171","2","blast_c_478",2,27,1
"2172","2","blast_c_478",1,28,0
"2173","2","blast_c_478",1,29,0
"2174","2","blast_c_478",2,30,1
"2175","2","blast_c_478",1,31,0
"2176","2","blast_c_478",2,32,1
"2177","1","blast_c_479",2,1,0
"2178","1","blast_c_479",1,2,1
"2179","1","blast_c_479",1,3,1
"2180","2","blast_c_479",2,4,1
"2181","1","blast_c_479",1,5,1
"2182","2","blast_c_479",2,6,1
"2183","1","blast_c_479",2,7,0
"2184","1","blast_c_479",1,8,1
"2185","1","blast_c_479",1,9,1
"2186","2","blast_c_479",2,10,1
"2187","2","blast_c_479",2,11,1
"2188","1","blast_c_479",1,12,1
"2189","2","blast_c_479",2,13,1
"2190","1","blast_c_479",1,14,1
"2191","2","blast_c_479",2,15,1
"2192","1","blast_c_479",1,16,1
"2193","1","blast_c_479",1,17,1
"2194","1","blast_c_479",2,18,0
"2195","1","blast_c_479",1,19,1
"2196","2","blast_c_479",2,20,1
"2197","2","blast_c_479",2,21,1
"2198","2","blast_c_479",1,22,0
"2199","2","blast_c_479",2,23,1
"2200","1","blast_c_479",1,24,1
"2201","1","blast_c_479",1,25,1
"2202","2","blast_c_479",2,26,1
"2203","1","blast_c_479",2,27,0
"2204","1","blast_c_479",1,28,1
"2205","1","blast_c_479",1,29,1
"2206","2","blast_c_479",2,30,1
"2207","1","blast_c_479",1,31,1
"2208","2","blast_c_479",2,32,1
"2209","2","blast_c_483",2,1,1
"2210","1","blast_c_483",1,2,1
"2211","2","blast_c_483",1,3,0
"2212","2","blast_c_483",2,4,1
"2213","1","blast_c_483",1,5,1
"2214","2","blast_c_483",2,6,1
"2215","1","blast_c_483",2,7,0
"2216","2","blast_c_483",1,8,0
"2217","2","blast_c_483",1,9,0
"2218","2","blast_c_483",2,10,1
"2219","2","blast_c_483",2,11,1
"2220","1","blast_c_483",1,12,1
"2221","2","blast_c_483",2,13,1
"2222","1","blast_c_483",1,14,1
"2223","1","blast_c_483",2,15,0
"2224","1","blast_c_483",1,16,1
"2225","1","blast_c_483",1,17,1
"2226","1","blast_c_483",2,18,0
"2227","2","blast_c_483",1,19,0
"2228","2","blast_c_483",2,20,1
"2229","1","blast_c_483",2,21,0
"2230","2","blast_c_483",1,22,0
"2231","1","blast_c_483",2,23,0
"2232","1","blast_c_483",1,24,1
"2233","1","blast_c_483",1,25,1
"2234","2","blast_c_483",2,26,1
"2235","1","blast_c_483",2,27,0
"2236","1","blast_c_483",1,28,1
"2237","2","blast_c_483",1,29,0
"2238","2","blast_c_483",2,30,1
"2239","1","blast_c_483",1,31,1
"2240","1","blast_c_483",2,32,0
"2241","1","blast_c_484",2,1,0
"2242","1","blast_c_484",1,2,1
"2243","1","blast_c_484",1,3,1
"2244","2","blast_c_484",2,4,1
"2245","1","blast_c_484",1,5,1
"2246","2","blast_c_484",2,6,1
"2247","1","blast_c_484",2,7,0
"2248","1","blast_c_484",1,8,1
"2249","1","blast_c_484",1,9,1
"2250","1","blast_c_484",2,10,0
"2251","2","blast_c_484",2,11,1
"2252","1","blast_c_484",1,12,1
"2253","2","blast_c_484",2,13,1
"2254","1","blast_c_484",1,14,1
"2255","1","blast_c_484",2,15,0
"2256","1","blast_c_484",1,16,1
"2257","1","blast_c_484",1,17,1
"2258","1","blast_c_484",2,18,0
"2259","1","blast_c_484",1,19,1
"2260","1","blast_c_484",2,20,0
"2261","1","blast_c_484",2,21,0
"2262","2","blast_c_484",1,22,0
"2263","1","blast_c_484",2,23,0
"2264","1","blast_c_484",1,24,1
"2265","1","blast_c_484",1,25,1
"2266","2","blast_c_484",2,26,1
"2267","1","blast_c_484",2,27,0
"2268","1","blast_c_484",1,28,1
"2269","1","blast_c_484",1,29,1
"2270","2","blast_c_484",2,30,1
"2271","1","blast_c_484",1,31,1
"2272","2","blast_c_484",2,32,1
"2273","2","blast_c_485",2,1,1
"2274","1","blast_c_485",1,2,1
"2275","2","blast_c_485",1,3,0
"2276","2","blast_c_485",2,4,1
"2277","1","blast_c_485",1,5,1
"2278","1","blast_c_485",2,6,0
"2279","2","blast_c_485",2,7,1
"2280","2","blast_c_485",1,8,0
"2281","1","blast_c_485",1,9,1
"2282","1","blast_c_485",2,10,0
"2283","2","blast_c_485",2,11,1
"2284","1","blast_c_485",1,12,1
"2285","2","blast_c_485",2,13,1
"2286","2","blast_c_485",1,14,0
"2287","2","blast_c_485",2,15,1
"2288","2","blast_c_485",1,16,0
"2289","2","blast_c_485",1,17,0
"2290","1","blast_c_485",2,18,0
"2291","2","blast_c_485",1,19,0
"2292","1","blast_c_485",2,20,0
"2293","1","blast_c_485",2,21,0
"2294","1","blast_c_485",1,22,1
"2295","2","blast_c_485",2,23,1
"2296","2","blast_c_485",1,24,0
"2297","2","blast_c_485",1,25,0
"2298","2","blast_c_485",2,26,1
"2299","1","blast_c_485",2,27,0
"2300","2","blast_c_485",1,28,0
"2301","1","blast_c_485",1,29,1
"2302","1","blast_c_485",2,30,0
"2303","2","blast_c_485",1,31,0
"2304","2","blast_c_485",2,32,1
"2305","1","blast_c_487",2,1,0
"2306","1","blast_c_487",1,2,1
"2307","2","blast_c_487",1,3,0
"2308","1","blast_c_487",2,4,0
"2309","1","blast_c_487",1,5,1
"2310","1","blast_c_487",2,6,0
"2311","1","blast_c_487",2,7,0
"2312","2","blast_c_487",1,8,0
"2313","1","blast_c_487",1,9,1
"2314","2","blast_c_487",2,10,1
"2315","1","blast_c_487",2,11,0
"2316","1","blast_c_487",1,12,1
"2317","2","blast_c_487",2,13,1
"2318","2","blast_c_487",1,14,0
"2319","1","blast_c_487",2,15,0
"2320","2","blast_c_487",1,16,0
"2321","1","blast_c_487",1,17,1
"2322","1","blast_c_487",2,18,0
"2323","2","blast_c_487",1,19,0
"2324","1","blast_c_487",2,20,0
"2325","1","blast_c_487",2,21,0
"2326","2","blast_c_487",1,22,0
"2327","1","blast_c_487",2,23,0
"2328","1","blast_c_487",1,24,1
"2329","2","blast_c_487",1,25,0
"2330","1","blast_c_487",2,26,0
"2331","1","blast_c_487",2,27,0
"2332","1","blast_c_487",1,28,1
"2333","2","blast_c_487",1,29,0
"2334","1","blast_c_487",2,30,0
"2335","1","blast_c_487",1,31,1
"2336","2","blast_c_487",2,32,1
"2337","2","blast_c_488",2,1,1
"2338","2","blast_c_488",1,2,0
"2339","2","blast_c_488",1,3,0
"2340","2","blast_c_488",2,4,1
"2341","2","blast_c_488",1,5,0
"2342","2","blast_c_488",2,6,1
"2343","2","blast_c_488",2,7,1
"2344","1","blast_c_488",1,8,1
"2345","2","blast_c_488",1,9,0
"2346","2","blast_c_488",2,10,1
"2347","1","blast_c_488",2,11,0
"2348","1","blast_c_488",1,12,1
"2349","2","blast_c_488",2,13,1
"2350","1","blast_c_488",1,14,1
"2351","2","blast_c_488",2,15,1
"2352","1","blast_c_488",1,16,1
"2353","2","blast_c_488",1,17,0
"2354","2","blast_c_488",2,18,1
"2355","2","blast_c_488",1,19,0
"2356","1","blast_c_488",2,20,0
"2357","1","blast_c_488",2,21,0
"2358","2","blast_c_488",1,22,0
"2359","2","blast_c_488",2,23,1
"2360","2","blast_c_488",1,24,0
"2361","2","blast_c_488",1,25,0
"2362","2","blast_c_488",2,26,1
"2363","2","blast_c_488",2,27,1
"2364","2","blast_c_488",1,28,0
"2365","2","blast_c_488",1,29,0
"2366","2","blast_c_488",2,30,1
"2367","2","blast_c_488",1,31,0
"2368","2","blast_c_488",2,32,1
"2369","1","blast_c_491",2,1,0
"2370","2","blast_c_491",1,2,0
"2371","1","blast_c_491",1,3,1
"2372","2","blast_c_491",2,4,1
"2373","2","blast_c_491",1,5,0
"2374","1","blast_c_491",2,6,0
"2375","2","blast_c_491",2,7,1
"2376","1","blast_c_491",1,8,1
"2377","1","blast_c_491",1,9,1
"2378","2","blast_c_491",2,10,1
"2379","2","blast_c_491",2,11,1
"2380","1","blast_c_491",1,12,1
"2381","1","blast_c_491",2,13,0
"2382","2","blast_c_491",1,14,0
"2383","1","blast_c_491",2,15,0
"2384","2","blast_c_491",1,16,0
"2385","2","blast_c_491",1,17,0
"2386","1","blast_c_491",2,18,0
"2387","1","blast_c_491",1,19,1
"2388","2","blast_c_491",2,20,1
"2389","2","blast_c_491",2,21,1
"2390","2","blast_c_491",1,22,0
"2391","1","blast_c_491",2,23,0
"2392","1","blast_c_491",1,24,1
"2393","1","blast_c_491",1,25,1
"2394","2","blast_c_491",2,26,1
"2395","1","blast_c_491",2,27,0
"2396","1","blast_c_491",1,28,1
"2397","1","blast_c_491",1,29,1
"2398","2","blast_c_491",2,30,1
"2399","1","blast_c_491",1,31,1
"2400","2","blast_c_491",2,32,1
"2401","1","blast_c_492",2,1,0
"2402","2","blast_c_492",1,2,0
"2403","1","blast_c_492",1,3,1
"2404","2","blast_c_492",2,4,1
"2405","2","blast_c_492",1,5,0
"2406","1","blast_c_492",2,6,0
"2407","1","blast_c_492",2,7,0
"2408","1","blast_c_492",1,8,1
"2409","2","blast_c_492",1,9,0
"2410","2","blast_c_492",2,10,1
"2411","1","blast_c_492",2,11,0
"2412","1","blast_c_492",1,12,1
"2413","1","blast_c_492",2,13,0
"2414","2","blast_c_492",1,14,0
"2415","2","blast_c_492",2,15,1
"2416","1","blast_c_492",1,16,1
"2417","1","blast_c_492",1,17,1
"2418","1","blast_c_492",2,18,0
"2419","2","blast_c_492",1,19,0
"2420","1","blast_c_492",2,20,0
"2421","2","blast_c_492",2,21,1
"2422","1","blast_c_492",1,22,1
"2423","1","blast_c_492",2,23,0
"2424","2","blast_c_492",1,24,0
"2425","1","blast_c_492",1,25,1
"2426","2","blast_c_492",2,26,1
"2427","2","blast_c_492",2,27,1
"2428","2","blast_c_492",1,28,0
"2429","2","blast_c_492",1,29,0
"2430","2","blast_c_492",2,30,1
"2431","2","blast_c_492",1,31,0
"2432","1","blast_c_492",2,32,0
"2433","2","blast_c_493",2,1,1
"2434","1","blast_c_493",1,2,1
"2435","1","blast_c_493",1,3,1
"2436","1","blast_c_493",2,4,0
"2437","1","blast_c_493",1,5,1
"2438","2","blast_c_493",2,6,1
"2439","2","blast_c_493",2,7,1
"2440","1","blast_c_493",1,8,1
"2441","1","blast_c_493",1,9,1
"2442","2","blast_c_493",2,10,1
"2443","2","blast_c_493",2,11,1
"2444","1","blast_c_493",1,12,1
"2445","2","blast_c_493",2,13,1
"2446","2","blast_c_493",1,14,0
"2447","1","blast_c_493",2,15,0
"2448","1","blast_c_493",1,16,1
"2449","1","blast_c_493",1,17,1
"2450","1","blast_c_493",2,18,0
"2451","2","blast_c_493",1,19,0
"2452","1","blast_c_493",2,20,0
"2453","2","blast_c_493",2,21,1
"2454","2","blast_c_493",1,22,0
"2455","2","blast_c_493",2,23,1
"2456","1","blast_c_493",1,24,1
"2457","1","blast_c_493",1,25,1
"2458","1","blast_c_493",2,26,0
"2459","1","blast_c_493",2,27,0
"2460","1","blast_c_493",1,28,1
"2461","1","blast_c_493",1,29,1
"2462","1","blast_c_493",2,30,0
"2463","1","blast_c_493",1,31,1
"2464","1","blast_c_493",2,32,0
"2465","1","blast_c_497",2,1,0
"2466","2","blast_c_497",1,2,0
"2467","2","blast_c_497",1,3,0
"2468","2","blast_c_497",2,4,1
"2469","2","blast_c_497",1,5,0
"2470","2","blast_c_497",2,6,1
"2471","2","blast_c_497",2,7,1
"2472","2","blast_c_497",1,8,0
"2473","2","blast_c_497",1,9,0
"2474","1","blast_c_497",2,10,0
"2475","1","blast_c_497",2,11,0
"2476","2","blast_c_497",1,12,0
"2477","1","blast_c_497",2,13,0
"2478","2","blast_c_497",1,14,0
"2479","2","blast_c_497",2,15,1
"2480","1","blast_c_497",1,16,1
"2481","1","blast_c_497",1,17,1
"2482","2","blast_c_497",2,18,1
"2483","1","blast_c_497",1,19,1
"2484","2","blast_c_497",2,20,1
"2485","1","blast_c_497",2,21,0
"2486","1","blast_c_497",1,22,1
"2487","2","blast_c_497",2,23,1
"2488","1","blast_c_497",1,24,1
"2489","2","blast_c_497",1,25,0
"2490","2","blast_c_497",2,26,1
"2491","1","blast_c_497",2,27,0
"2492","1","blast_c_497",1,28,1
"2493","2","blast_c_497",1,29,0
"2494","1","blast_c_497",2,30,0
"2495","1","blast_c_497",1,31,1
"2496","2","blast_c_497",2,32,1
"2497","1","blast_c_498",2,1,0
"2498","2","blast_c_498",1,2,0
"2499","2","blast_c_498",1,3,0
"2500","2","blast_c_498",2,4,1
"2501","2","blast_c_498",1,5,0
"2502","2","blast_c_498",2,6,1
"2503","2","blast_c_498",2,7,1
"2504","2","blast_c_498",1,8,0
"2505","2","blast_c_498",1,9,0
"2506","2","blast_c_498",2,10,1
"2507","1","blast_c_498",2,11,0
"2508","2","blast_c_498",1,12,0
"2509","2","blast_c_498",2,13,1
"2510","2","blast_c_498",1,14,0
"2511","1","blast_c_498",2,15,0
"2512","2","blast_c_498",1,16,0
"2513","1","blast_c_498",1,17,1
"2514","2","blast_c_498",2,18,1
"2515","1","blast_c_498",1,19,1
"2516","1","blast_c_498",2,20,0
"2517","2","blast_c_498",2,21,1
"2518","2","blast_c_498",1,22,0
"2519","1","blast_c_498",2,23,0
"2520","1","blast_c_498",1,24,1
"2521","1","blast_c_498",1,25,1
"2522","2","blast_c_498",2,26,1
"2523","2","blast_c_498",2,27,1
"2524","2","blast_c_498",1,28,0
"2525","2","blast_c_498",1,29,0
"2526","2","blast_c_498",2,30,1
"2527","2","blast_c_498",1,31,0
"2528","2","blast_c_498",2,32,1
"2529","2","blast_c_503",2,1,1
"2530","2","blast_c_503",1,2,0
"2531","1","blast_c_503",1,3,1
"2532","2","blast_c_503",2,4,1
"2533","2","blast_c_503",1,5,0
"2534","1","blast_c_503",2,6,0
"2535","2","blast_c_503",2,7,1
"2536","1","blast_c_503",1,8,1
"2537","2","blast_c_503",1,9,0
"2538","1","blast_c_503",2,10,0
"2539","2","blast_c_503",2,11,1
"2540","1","blast_c_503",1,12,1
"2541","2","blast_c_503",2,13,1
"2542","1","blast_c_503",1,14,1
"2543","2","blast_c_503",2,15,1
"2544","2","blast_c_503",1,16,0
"2545","2","blast_c_503",1,17,0
"2546","1","blast_c_503",2,18,0
"2547","2","blast_c_503",1,19,0
"2548","1","blast_c_503",2,20,0
"2549","1","blast_c_503",2,21,0
"2550","2","blast_c_503",1,22,0
"2551","2","blast_c_503",2,23,1
"2552","1","blast_c_503",1,24,1
"2553","2","blast_c_503",1,25,0
"2554","1","blast_c_503",2,26,0
"2555","2","blast_c_503",2,27,1
"2556","1","blast_c_503",1,28,1
"2557","1","blast_c_503",1,29,1
"2558","2","blast_c_503",2,30,1
"2559","2","blast_c_503",1,31,0
"2560","1","blast_c_503",2,32,0
"2561","1","blast_c_512",2,1,0
"2562","1","blast_c_512",1,2,1
"2563","1","blast_c_512",1,3,1
"2564","2","blast_c_512",2,4,1
"2565","1","blast_c_512",1,5,1
"2566","2","blast_c_512",2,6,1
"2567","2","blast_c_512",2,7,1
"2568","1","blast_c_512",1,8,1
"2569","1","blast_c_512",1,9,1
"2570","2","blast_c_512",2,10,1
"2571","2","blast_c_512",2,11,1
"2572","2","blast_c_512",1,12,0
"2573","1","blast_c_512",2,13,0
"2574","2","blast_c_512",1,14,0
"2575","1","blast_c_512",2,15,0
"2576","2","blast_c_512",1,16,0
"2577","1","blast_c_512",1,17,1
"2578","2","blast_c_512",2,18,1
"2579","2","blast_c_512",1,19,0
"2580","1","blast_c_512",2,20,0
"2581","1","blast_c_512",2,21,0
"2582","2","blast_c_512",1,22,0
"2583","2","blast_c_512",2,23,1
"2584","1","blast_c_512",1,24,1
"2585","1","blast_c_512",1,25,1
"2586","1","blast_c_512",2,26,0
"2587","2","blast_c_512",2,27,1
"2588","1","blast_c_512",1,28,1
"2589","1","blast_c_512",1,29,1
"2590","2","blast_c_512",2,30,1
"2591","2","blast_c_512",1,31,0
"2592","1","blast_c_512",2,32,0
"2593","1","blast_c_514",2,1,0
"2594","1","blast_c_514",1,2,1
"2595","2","blast_c_514",1,3,0
"2596","1","blast_c_514",2,4,0
"2597","2","blast_c_514",1,5,0
"2598","1","blast_c_514",2,6,0
"2599","1","blast_c_514",2,7,0
"2600","1","blast_c_514",1,8,1
"2601","2","blast_c_514",1,9,0
"2602","1","blast_c_514",2,10,0
"2603","2","blast_c_514",2,11,1
"2604","1","blast_c_514",1,12,1
"2605","2","blast_c_514",2,13,1
"2606","2","blast_c_514",1,14,0
"2607","1","blast_c_514",2,15,0
"2608","2","blast_c_514",1,16,0
"2609","1","blast_c_514",1,17,1
"2610","2","blast_c_514",2,18,1
"2611","1","blast_c_514",1,19,1
"2612","2","blast_c_514",2,20,1
"2613","1","blast_c_514",2,21,0
"2614","2","blast_c_514",1,22,0
"2615","2","blast_c_514",2,23,1
"2616","2","blast_c_514",1,24,0
"2617","2","blast_c_514",1,25,0
"2618","1","blast_c_514",2,26,0
"2619","2","blast_c_514",2,27,1
"2620","1","blast_c_514",1,28,1
"2621","1","blast_c_514",1,29,1
"2622","2","blast_c_514",2,30,1
"2623","2","blast_c_514",1,31,0
"2624","1","blast_c_514",2,32,0
"2625","1","blast_c_515",2,1,0
"2626","1","blast_c_515",1,2,1
"2627","1","blast_c_515",1,3,1
"2628","1","blast_c_515",2,4,0
"2629","2","blast_c_515",1,5,0
"2630","1","blast_c_515",2,6,0
"2631","1","blast_c_515",2,7,0
"2632","1","blast_c_515",1,8,1
"2633","2","blast_c_515",1,9,0
"2634","2","blast_c_515",2,10,1
"2635","1","blast_c_515",2,11,0
"2636","2","blast_c_515",1,12,0
"2637","1","blast_c_515",2,13,0
"2638","1","blast_c_515",1,14,1
"2639","1","blast_c_515",2,15,0
"2640","2","blast_c_515",1,16,0
"2641","1","blast_c_515",1,17,1
"2642","2","blast_c_515",2,18,1
"2643","2","blast_c_515",1,19,0
"2644","1","blast_c_515",2,20,0
"2645","1","blast_c_515",2,21,0
"2646","1","blast_c_515",1,22,1
"2647","2","blast_c_515",2,23,1
"2648","2","blast_c_515",1,24,0
"2649","1","blast_c_515",1,25,1
"2650","1","blast_c_515",2,26,0
"2651","1","blast_c_515",2,27,0
"2652","2","blast_c_515",1,28,0
"2653","1","blast_c_515",1,29,1
"2654","2","blast_c_515",2,30,1
"2655","2","blast_c_515",1,31,0
"2656","2","blast_c_515",2,32,1
"2657","2","blast_c_516",2,1,1
"2658","1","blast_c_516",1,2,1
"2659","1","blast_c_516",1,3,1
"2660","2","blast_c_516",2,4,1
"2661","1","blast_c_516",1,5,1
"2662","1","blast_c_516",2,6,0
"2663","2","blast_c_516",2,7,1
"2664","2","blast_c_516",1,8,0
"2665","1","blast_c_516",1,9,1
"2666","2","blast_c_516",2,10,1
"2667","1","blast_c_516",2,11,0
"2668","2","blast_c_516",1,12,0
"2669","2","blast_c_516",2,13,1
"2670","1","blast_c_516",1,14,1
"2671","1","blast_c_516",2,15,0
"2672","2","blast_c_516",1,16,0
"2673","2","blast_c_516",1,17,0
"2674","2","blast_c_516",2,18,1
"2675","2","blast_c_516",1,19,0
"2676","2","blast_c_516",2,20,1
"2677","1","blast_c_516",2,21,0
"2678","1","blast_c_516",1,22,1
"2679","2","blast_c_516",2,23,1
"2680","2","blast_c_516",1,24,0
"2681","1","blast_c_516",1,25,1
"2682","1","blast_c_516",2,26,0
"2683","2","blast_c_516",2,27,1
"2684","1","blast_c_516",1,28,1
"2685","1","blast_c_516",1,29,1
"2686","1","blast_c_516",2,30,0
"2687","2","blast_c_516",1,31,0
"2688","2","blast_c_516",2,32,1
"2689","2","blast_c_522",2,1,1
"2690","2","blast_c_522",1,2,0
"2691","1","blast_c_522",1,3,1
"2692","2","blast_c_522",2,4,1
"2693","2","blast_c_522",1,5,0
"2694","1","blast_c_522",2,6,0
"2695","1","blast_c_522",2,7,0
"2696","2","blast_c_522",1,8,0
"2697","2","blast_c_522",1,9,0
"2698","2","blast_c_522",2,10,1
"2699","1","blast_c_522",2,11,0
"2700","2","blast_c_522",1,12,0
"2701","2","blast_c_522",2,13,1
"2702","1","blast_c_522",1,14,1
"2703","2","blast_c_522",2,15,1
"2704","2","blast_c_522",1,16,0
"2705","1","blast_c_522",1,17,1
"2706","1","blast_c_522",2,18,0
"2707","2","blast_c_522",1,19,0
"2708","1","blast_c_522",2,20,0
"2709","2","blast_c_522",2,21,1
"2710","2","blast_c_522",1,22,0
"2711","2","blast_c_522",2,23,1
"2712","2","blast_c_522",1,24,0
"2713","2","blast_c_522",1,25,0
"2714","2","blast_c_522",2,26,1
"2715","1","blast_c_522",2,27,0
"2716","2","blast_c_522",1,28,0
"2717","2","blast_c_522",1,29,0
"2718","2","blast_c_522",2,30,1
"2719","2","blast_c_522",1,31,0
"2720","2","blast_c_522",2,32,1
"2721","2","blast_c_540",2,1,1
"2722","1","blast_c_540",1,2,1
"2723","2","blast_c_540",1,3,0
"2724","1","blast_c_540",2,4,0
"2725","1","blast_c_540",1,5,1
"2726","2","blast_c_540",2,6,1
"2727","1","blast_c_540",2,7,0
"2728","1","blast_c_540",1,8,1
"2729","2","blast_c_540",1,9,0
"2730","1","blast_c_540",2,10,0
"2731","2","blast_c_540",2,11,1
"2732","2","blast_c_540",1,12,0
"2733","1","blast_c_540",2,13,0
"2734","2","blast_c_540",1,14,0
"2735","1","blast_c_540",2,15,0
"2736","2","blast_c_540",1,16,0
"2737","1","blast_c_540",1,17,1
"2738","2","blast_c_540",2,18,1
"2739","2","blast_c_540",1,19,0
"2740","1","blast_c_540",2,20,0
"2741","1","blast_c_540",2,21,0
"2742","1","blast_c_540",1,22,1
"2743","2","blast_c_540",2,23,1
"2744","2","blast_c_540",1,24,0
"2745","2","blast_c_540",1,25,0
"2746","2","blast_c_540",2,26,1
"2747","1","blast_c_540",2,27,0
"2748","2","blast_c_540",1,28,0
"2749","1","blast_c_540",1,29,1
"2750","1","blast_c_540",2,30,0
"2751","2","blast_c_540",1,31,0
"2752","2","blast_c_540",2,32,1
"2753","1","blast_c_554",2,1,0
"2754","1","blast_c_554",1,2,1
"2755","1","blast_c_554",1,3,1
"2756","2","blast_c_554",2,4,1
"2757","1","blast_c_554",1,5,1
"2758","1","blast_c_554",2,6,0
"2759","1","blast_c_554",2,7,0
"2760","1","blast_c_554",1,8,1
"2761","1","blast_c_554",1,9,1
"2762","2","blast_c_554",2,10,1
"2763","2","blast_c_554",2,11,1
"2764","2","blast_c_554",1,12,0
"2765","2","blast_c_554",2,13,1
"2766","2","blast_c_554",1,14,0
"2767","1","blast_c_554",2,15,0
"2768","1","blast_c_554",1,16,1
"2769","1","blast_c_554",1,17,1
"2770","1","blast_c_554",2,18,0
"2771","2","blast_c_554",1,19,0
"2772","2","blast_c_554",2,20,1
"2773","2","blast_c_554",2,21,1
"2774","2","blast_c_554",1,22,0
"2775","2","blast_c_554",2,23,1
"2776","1","blast_c_554",1,24,1
"2777","2","blast_c_554",1,25,0
"2778","1","blast_c_554",2,26,0
"2779","2","blast_c_554",2,27,1
"2780","2","blast_c_554",1,28,0
"2781","2","blast_c_554",1,29,0
"2782","2","blast_c_554",2,30,1
"2783","2","blast_c_554",1,31,0
"2784","2","blast_c_554",2,32,1
"2785","2","blast_c_555",2,1,1
"2786","1","blast_c_555",1,2,1
"2787","2","blast_c_555",1,3,0
"2788","1","blast_c_555",2,4,0
"2789","1","blast_c_555",1,5,1
"2790","1","blast_c_555",2,6,0
"2791","2","blast_c_555",2,7,1
"2792","1","blast_c_555",1,8,1
"2793","2","blast_c_555",1,9,0
"2794","2","blast_c_555",2,10,1
"2795","1","blast_c_555",2,11,0
"2796","1","blast_c_555",1,12,1
"2797","1","blast_c_555",2,13,0
"2798","2","blast_c_555",1,14,0
"2799","1","blast_c_555",2,15,0
"2800","2","blast_c_555",1,16,0
"2801","1","blast_c_555",1,17,1
"2802","1","blast_c_555",2,18,0
"2803","2","blast_c_555",1,19,0
"2804","1","blast_c_555",2,20,0
"2805","1","blast_c_555",2,21,0
"2806","1","blast_c_555",1,22,1
"2807","1","blast_c_555",2,23,0
"2808","2","blast_c_555",1,24,0
"2809","1","blast_c_555",1,25,1
"2810","2","blast_c_555",2,26,1
"2811","2","blast_c_555",2,27,1
"2812","1","blast_c_555",1,28,1
"2813","1","blast_c_555",1,29,1
"2814","2","blast_c_555",2,30,1
"2815","2","blast_c_555",1,31,0
"2816","1","blast_c_555",2,32,0
